tanggal,ph,temperature,turbinity,label
2023-06-24 19:32:06,6.54,26.94,3,bersih
2023-06-24 19:32:12,6.59,26.94,3,bersih
2023-06-24 19:32:17,6.41,26.94,3,bersih
2023-06-24 19:32:23,6.51,26.94,3,bersih
2023-06-24 19:32:29,6.4,26.94,3,bersih
2023-06-24 19:32:06,6.54,26.94,3,bersih
2023-06-24 19:34:07,7.18,26.94,3,bersih
2023-06-24 19:32:12,6.59,26.94,3,bersih
2023-06-24 19:34:19,7.33,26.94,3,bersih
2023-06-24 19:34:25,7.31,26.87,3,bersih
2023-06-24 19:32:17,6.41,26.94,3,bersih
2023-06-24 19:34:36,7.73,26.87,3,bersih
2023-06-24 19:32:23,6.51,26.94,3,bersih
2023-06-24 19:32:29,6.4,26.94,3,bersih
2023-06-24 19:34:07,7.18,26.94,3,bersih
2023-06-24 19:34:19,7.33,26.94,3,bersih
2023-06-24 19:34:25,7.31,26.87,3,bersih
2023-06-24 19:34:36,7.73,26.87,3,bersih
2023-06-24 20:24:09,7.93,27.0,3,bersih
2023-06-24 20:24:09,7.93,27.0,3,bersih
2023-06-25 09:18:00,6.0,25.69,2,keruh
2023-06-25 09:20:05,6.0,25.69,2,keruh
2023-06-25 09:20:22,6.0,25.69,2,keruh
2023-06-25 09:20:28,6.12,25.69,2,keruh
2023-06-25 09:20:34,6.3,25.69,2,keruh
2023-06-25 09:20:40,6.24,25.69,2,keruh
2023-06-25 09:20:46,6.12,25.69,2,keruh
2023-06-25 09:21:09,6.06,25.69,2,keruh
2023-06-25 09:21:15,6.12,25.69,2,keruh
2023-06-25 09:21:22,6.31,25.69,2,keruh
2023-06-25 09:21:28,6.26,25.69,2,keruh
2023-06-25 09:21:33,6.39,25.69,2,keruh
2023-06-25 09:21:39,6.13,25.69,2,keruh
2023-06-25 09:22:26,6.43,25.69,2,keruh
2023-06-25 09:22:32,6.38,25.69,2,keruh
2023-06-25 09:22:38,6.39,25.69,2,keruh
2023-06-25 09:22:44,6.2,25.69,2,keruh
2023-06-25 09:22:50,6.21,25.69,2,keruh
2023-06-25 09:22:55,6.15,25.69,2,keruh
2023-06-25 09:23:02,6.09,25.69,2,keruh
2023-06-25 09:23:07,6.14,25.69,2,keruh
2023-06-25 09:23:13,6.1,25.69,2,keruh
2023-06-25 09:23:19,6.24,25.69,2,keruh
2023-06-25 09:23:25,6.21,25.69,2,keruh
2023-06-25 09:23:31,6.1,25.69,2,keruh
2023-06-25 09:23:42,6.06,25.69,2,keruh
2023-06-25 09:23:48,6.05,25.69,2,keruh
2023-06-25 09:24:06,6.1,25.69,2,keruh
2023-06-25 09:24:11,6.05,25.69,2,keruh
2023-06-25 09:24:17,6.14,25.69,2,keruh
2023-06-25 09:24:24,6.21,25.69,2,keruh
2023-06-25 09:24:29,6.33,25.69,2,keruh
2023-06-25 09:24:35,6.33,25.69,2,keruh
2023-06-25 09:24:41,6.34,25.69,2,keruh
2023-06-25 09:24:47,6.4,25.69,2,keruh
2023-06-25 09:24:53,6.47,25.69,2,keruh
2023-06-25 09:24:59,6.6,25.69,2,keruh
2023-06-25 09:25:04,6.39,25.69,2,keruh
2023-06-25 09:25:10,6.05,25.69,2,keruh
2023-06-25 09:25:16,6.14,25.69,2,keruh
2023-06-25 09:25:22,6.19,25.69,2,keruh
2023-06-25 09:25:27,6.01,25.69,2,keruh
2023-06-25 09:25:34,6.24,25.69,2,keruh
2023-06-25 09:25:39,6.19,25.69,2,keruh
2023-06-25 09:25:57,6.12,25.69,2,keruh
2023-06-25 09:26:03,6.1,25.69,2,keruh
2023-06-25 09:26:08,6.12,25.69,2,keruh
2023-06-25 09:26:55,6.06,25.69,2,keruh
2023-06-25 09:28:06,6.03,25.69,2,keruh
2023-06-25 09:28:17,6.1,25.75,2,keruh
2023-06-25 09:28:23,6.49,25.69,2,keruh
2023-06-25 09:28:29,6.39,25.69,2,keruh
2023-06-25 09:28:35,6.39,25.69,2,keruh
2023-06-25 09:28:40,6.57,25.69,2,keruh
2023-06-25 09:28:46,6.58,25.69,2,keruh
2023-06-25 09:28:52,6.61,25.75,2,keruh
2023-06-25 09:28:58,6.44,25.69,2,keruh
2023-06-25 09:29:04,6.1,25.75,2,keruh
2023-06-25 09:29:10,6.39,25.69,2,keruh
2023-06-25 09:29:16,6.56,25.69,2,keruh
2023-06-25 09:29:21,6.36,25.69,2,keruh
2023-06-25 09:29:27,6.24,25.69,2,keruh
2023-06-25 09:29:34,6.35,25.69,2,keruh
2023-06-25 09:29:39,6.24,25.75,2,keruh
2023-06-25 09:29:45,6.39,25.75,2,keruh
2023-06-25 09:29:51,6.37,25.75,2,keruh
2023-06-25 09:29:57,6.47,25.69,2,keruh
2023-06-25 09:30:03,6.48,25.69,2,keruh
2023-06-25 09:30:08,6.53,25.69,2,keruh
2023-06-25 09:30:14,6.48,25.75,2,keruh
2023-06-25 09:30:21,6.58,25.75,2,keruh
2023-06-25 09:30:27,6.49,25.69,2,keruh
2023-06-25 09:30:33,6.41,25.69,2,keruh
2023-06-25 09:30:39,6.41,25.69,2,keruh
2023-06-25 09:30:45,6.48,25.69,2,keruh
2023-06-25 09:30:51,6.49,25.69,2,keruh
2023-06-25 09:30:56,6.39,25.69,2,keruh
2023-06-25 09:31:02,6.58,25.75,2,keruh
2023-06-25 09:31:08,6.67,25.69,2,keruh
2023-06-25 09:31:14,6.79,25.75,2,keruh
2023-06-25 09:31:20,6.64,25.75,2,keruh
2023-06-25 09:31:26,6.55,25.69,2,keruh
2023-06-25 09:31:31,6.6,25.69,2,keruh
2023-06-25 09:31:37,6.5,25.69,2,keruh
2023-06-25 09:31:43,6.53,25.75,2,keruh
2023-06-25 09:31:49,6.51,25.69,2,keruh
2023-06-25 09:31:55,6.58,25.69,2,keruh
2023-06-25 09:32:00,6.52,25.69,2,keruh
2023-06-25 09:32:06,6.59,25.75,2,keruh
2023-06-25 09:32:12,6.53,25.69,2,keruh
2023-06-25 09:32:18,6.39,25.75,2,keruh
2023-06-25 09:32:24,6.66,25.75,2,keruh
2023-06-25 09:32:30,6.21,25.75,2,keruh
2023-06-25 09:32:36,6.66,25.75,2,keruh
2023-06-25 09:32:42,6.43,25.69,2,keruh
2023-06-25 09:32:47,6.53,25.69,2,keruh
2023-06-25 09:32:53,6.76,25.69,2,keruh
2023-06-25 09:32:59,6.77,25.75,2,keruh
2023-06-25 09:33:05,7.02,25.69,2,keruh
2023-06-25 09:33:11,6.67,25.69,2,keruh
2023-06-25 09:33:18,6.73,25.69,2,keruh
2023-06-25 09:33:23,6.63,25.69,2,keruh
2023-06-25 09:33:31,6.54,25.69,2,keruh
2023-06-25 09:33:37,6.58,25.69,2,keruh
2023-06-25 09:33:42,6.56,25.75,2,keruh
2023-06-25 09:33:48,6.46,25.69,2,keruh
2023-06-25 09:33:54,6.74,25.69,2,keruh
2023-06-25 09:34:00,6.65,25.75,2,keruh
2023-06-25 09:34:06,6.73,25.69,2,keruh
2023-06-25 09:34:12,6.39,25.75,1,keruh
2023-06-25 09:34:18,6.39,25.69,1,keruh
2023-06-25 09:34:23,6.74,25.69,1,keruh
2023-06-25 09:34:29,6.71,25.69,1,keruh
2023-06-25 09:34:35,6.2,25.69,1,keruh
2023-06-25 09:44:42,7.89,25.75,0,keruh
2023-06-25 09:44:48,7.98,25.75,0,keruh
2023-06-25 09:44:54,7.83,25.75,1,keruh
2023-06-25 09:45:00,7.97,25.75,1,keruh
2023-06-25 09:45:06,7.75,25.69,1,keruh
2023-06-25 09:45:23,7.95,25.75,1,keruh
2023-06-25 09:45:29,7.9,25.75,1,keruh
2023-06-25 09:45:35,7.93,25.75,1,keruh
2023-06-25 09:45:47,7.93,25.75,1,keruh
2023-06-25 09:46:17,7.92,25.75,1,keruh
2023-06-25 09:46:28,7.92,25.75,1,keruh
2023-06-25 09:48:20,7.82,25.75,1,keruh
2023-06-25 09:48:26,7.82,25.75,1,keruh
2023-06-25 09:48:33,7.98,25.75,1,keruh
2023-06-25 09:48:38,7.98,25.75,1,keruh
2023-06-25 09:48:45,7.83,25.75,1,keruh
2023-06-25 09:48:51,7.98,25.75,1,keruh
2023-06-25 09:49:03,7.92,25.75,1,keruh
2023-06-25 09:49:09,7.98,25.75,1,keruh
2023-06-25 09:49:38,7.98,25.75,1,keruh
2023-06-25 09:49:44,7.95,25.75,1,keruh
2023-06-25 09:49:49,8.0,25.75,1,keruh
2023-06-25 09:49:55,7.85,25.75,1,keruh
2023-06-25 09:50:31,7.98,25.75,1,keruh
2023-06-25 09:50:50,7.98,25.75,1,keruh
2023-06-25 09:51:02,7.92,25.75,1,keruh
2023-06-25 09:51:08,7.99,25.75,1,keruh
2023-06-25 09:51:32,7.98,25.75,1,keruh
2023-06-25 09:51:38,7.98,25.75,1,keruh
2023-06-25 09:51:56,7.99,25.75,1,keruh
2023-06-25 09:52:28,7.95,25.75,1,keruh
2023-06-25 09:52:33,7.93,25.75,1,keruh
2023-06-25 09:52:39,7.82,25.75,1,keruh
2023-06-25 09:52:45,7.9,25.75,1,keruh
2023-06-25 09:52:52,7.9,25.81,1,keruh
2023-06-25 09:53:15,7.93,25.81,1,keruh
2023-06-25 09:53:21,7.71,25.75,1,keruh
2023-06-25 09:53:27,7.89,25.75,1,keruh
2023-06-25 09:53:33,7.73,25.81,1,keruh
2023-06-25 09:53:38,7.51,25.81,1,keruh
2023-06-25 09:53:44,7.71,25.81,1,keruh
2023-06-25 09:53:50,7.33,25.81,1,keruh
2023-06-25 09:53:56,7.18,25.81,1,keruh
2023-06-25 09:54:02,7.41,25.81,1,keruh
2023-06-25 09:54:07,7.35,25.75,1,keruh
2023-06-25 09:54:13,7.32,25.75,1,keruh
2023-06-25 09:54:19,7.27,25.75,1,keruh
2023-06-25 09:54:25,7.27,25.75,1,keruh
2023-06-25 09:54:31,7.19,25.75,1,keruh
2023-06-25 09:54:37,7.3,25.75,1,keruh
2023-06-25 09:54:43,7.33,25.75,1,keruh
2023-06-25 09:54:49,7.49,25.75,0,keruh
2023-06-25 09:54:55,7.33,25.75,0,keruh
2023-06-25 09:55:01,7.18,25.81,1,keruh
2023-06-25 09:55:07,7.31,25.81,0,keruh
2023-06-25 09:55:13,7.24,25.81,1,keruh
2023-06-25 09:55:19,7.53,25.75,1,keruh
2023-06-25 09:55:25,7.34,25.81,1,keruh
2023-06-25 09:55:31,7.49,25.81,1,keruh
2023-06-25 09:55:36,7.18,25.75,1,keruh
2023-06-25 09:55:43,7.18,25.75,1,keruh
2023-06-25 09:55:49,7.26,25.81,1,keruh
2023-06-25 09:55:54,7.2,25.75,1,keruh
2023-06-25 09:56:00,7.28,25.75,1,keruh
2023-06-25 09:56:07,7.16,25.81,1,keruh
2023-06-25 09:56:12,7.16,25.81,1,keruh
2023-06-25 09:56:18,7.26,25.75,1,keruh
2023-06-25 09:56:24,7.15,25.81,1,keruh
2023-06-25 09:56:30,7.27,25.75,1,keruh
2023-06-25 09:56:36,7.28,25.81,1,keruh
2023-06-25 09:56:42,7.33,25.81,1,keruh
2023-06-25 09:56:47,7.17,25.81,1,keruh
2023-06-25 09:56:53,7.45,25.81,1,keruh
2023-06-25 09:57:00,7.18,25.75,1,keruh
2023-06-25 09:57:06,7.27,25.75,1,keruh
2023-06-25 09:57:12,7.34,25.75,1,keruh
2023-06-25 09:57:17,7.35,25.75,0,keruh
2023-06-25 09:57:23,7.19,25.75,1,keruh
2023-06-25 09:57:29,7.13,25.75,1,keruh
2023-06-25 09:57:35,7.05,25.75,1,keruh
2023-06-25 09:57:41,7.11,25.75,1,keruh
2023-06-25 09:57:47,7.24,25.75,1,keruh
2023-06-25 09:57:53,6.94,25.75,1,keruh
2023-06-25 09:57:59,6.94,25.75,1,keruh
2023-06-25 09:58:05,7.02,25.75,1,keruh
2023-06-25 09:58:11,6.92,25.75,1,keruh
2023-06-25 09:58:18,6.92,25.75,1,keruh
2023-06-25 09:58:23,6.91,25.75,1,keruh
2023-06-25 09:58:29,6.82,25.75,1,keruh
2023-06-25 09:58:35,6.84,25.75,1,keruh
2023-06-25 09:58:41,7.02,25.75,1,keruh
2023-06-25 09:58:47,6.81,25.75,1,keruh
2023-06-25 09:58:53,6.68,25.75,1,keruh
2023-06-25 09:58:59,6.67,25.75,1,keruh
2023-06-25 09:59:05,6.64,25.75,1,keruh
2023-06-25 09:59:11,6.92,25.75,1,keruh
2023-06-25 09:59:17,6.65,25.75,1,keruh
2023-06-25 09:59:23,6.7,25.75,0,keruh
2023-06-25 09:59:29,6.73,25.75,1,keruh
2023-06-25 09:59:36,6.68,25.75,1,keruh
2023-06-25 09:59:41,6.6,25.75,1,keruh
2023-06-25 09:59:49,6.63,25.75,1,keruh
2023-06-25 09:59:55,6.87,25.75,1,keruh
2023-06-25 10:00:01,6.8,25.75,1,keruh
2023-06-25 10:00:07,6.63,25.75,1,keruh
2023-06-25 10:00:13,6.92,25.75,1,keruh
2023-06-25 10:00:19,6.68,25.75,1,keruh
2023-06-25 10:00:24,6.71,25.75,1,keruh
2023-06-25 10:00:31,6.63,25.75,1,keruh
2023-06-25 10:00:36,6.66,25.75,1,keruh
2023-06-25 10:00:42,6.79,25.75,1,keruh
2023-06-25 10:00:48,6.74,25.75,1,keruh
2023-06-25 10:00:54,6.67,25.75,1,keruh
2023-06-25 10:01:00,6.76,25.75,1,keruh
2023-06-25 10:01:06,6.84,25.81,1,keruh
2023-06-25 10:01:12,6.61,25.75,0,keruh
2023-06-25 10:01:19,6.65,25.75,1,keruh
2023-06-25 10:01:25,6.76,25.75,1,keruh
2023-06-25 10:01:31,6.58,25.75,1,keruh
2023-06-25 10:01:37,6.6,25.75,1,keruh
2023-06-25 10:01:43,6.44,25.81,1,keruh
2023-06-25 10:01:49,6.64,25.81,1,keruh
2023-06-25 10:01:55,6.58,25.81,1,keruh
2023-06-25 10:02:01,6.48,25.81,1,keruh
2023-06-25 10:02:08,6.46,25.75,1,keruh
2023-06-25 10:02:13,6.51,25.81,1,keruh
2023-06-25 10:02:19,6.51,25.81,1,keruh
2023-06-25 10:02:25,6.51,25.75,1,keruh
2023-06-25 10:02:31,6.29,25.81,1,keruh
2023-06-25 10:02:37,6.44,25.81,1,keruh
2023-06-25 10:02:43,6.3,25.81,1,keruh
2023-06-25 10:02:49,6.59,25.81,1,keruh
2023-06-25 10:02:55,6.47,25.81,1,keruh
2023-06-25 10:03:01,6.26,25.81,1,keruh
2023-06-25 10:03:07,6.2,25.75,1,keruh
2023-06-25 10:03:13,6.28,25.81,1,keruh
2023-06-25 10:03:19,6.47,25.81,1,keruh
2023-06-25 10:03:25,6.51,25.75,1,keruh
2023-06-25 10:03:31,6.43,25.81,1,keruh
2023-06-25 10:03:36,6.25,25.81,1,keruh
2023-06-25 10:03:42,6.29,25.81,1,keruh
2023-06-25 10:03:48,6.31,25.81,1,keruh
2023-06-25 10:03:54,6.6,25.81,1,keruh
2023-06-25 10:04:00,6.42,25.81,1,keruh
2023-06-25 10:04:05,6.56,25.81,1,keruh
2023-06-25 10:04:11,6.39,25.81,1,keruh
2023-06-25 10:04:17,6.56,25.81,1,keruh
2023-06-25 10:04:23,6.44,25.81,1,keruh
2023-06-25 10:04:29,6.63,25.81,1,keruh
2023-06-25 10:04:35,6.5,25.81,1,keruh
2023-06-25 10:04:41,6.48,25.81,1,keruh
2023-06-25 10:04:47,6.39,25.81,1,keruh
2023-06-25 10:04:53,6.24,25.81,1,keruh
2023-06-25 10:04:59,6.37,25.81,1,keruh
2023-06-25 10:05:05,6.31,25.81,1,keruh
2023-06-25 10:05:10,6.29,25.81,1,keruh
2023-06-25 10:05:16,6.2,25.81,1,keruh
2023-06-25 10:05:22,6.12,25.81,1,keruh
2023-06-25 10:05:28,6.27,25.81,1,keruh
2023-06-25 10:05:34,6.33,25.81,1,keruh
2023-06-25 10:05:39,6.24,25.81,1,keruh
2023-06-25 10:05:48,6.12,25.81,1,keruh
2023-06-25 10:05:53,6.14,25.81,0,keruh
2023-06-25 10:05:59,6.08,25.81,1,keruh
2023-06-25 10:06:05,6.34,25.81,1,keruh
2023-06-25 10:06:11,6.23,25.81,1,keruh
2023-06-25 10:06:17,6.33,25.81,1,keruh
2023-06-25 10:06:23,6.0,25.81,1,keruh
2023-06-25 10:06:35,6.1,25.81,1,keruh
2023-06-25 10:06:42,6.21,25.81,1,keruh
2023-06-25 10:06:54,6.01,25.81,1,keruh
2023-06-25 10:07:43,6.16,25.81,1,keruh
2023-06-25 10:08:00,6.12,25.81,1,keruh
2023-06-25 10:08:06,6.13,25.81,1,keruh
2023-06-25 10:08:12,6.08,25.81,1,keruh
2023-06-25 10:08:18,6.2,25.81,1,keruh
2023-06-25 10:08:25,6.11,25.81,1,keruh
2023-06-25 10:08:36,6.01,25.81,1,keruh
2023-06-25 10:08:48,6.03,25.81,1,keruh
2023-06-25 10:09:52,6.1,25.81,1,keruh
2023-06-25 10:10:04,6.14,25.81,1,keruh
2023-06-25 10:10:09,6.11,25.81,1,keruh
2023-06-25 10:10:47,6.07,25.81,1,keruh
2023-06-25 10:11:05,6.09,25.81,1,keruh
2023-06-25 10:11:41,6.0,25.81,1,keruh
2023-06-25 10:12:24,6.03,25.81,1,keruh
2023-06-25 10:13:24,6.05,25.81,0,keruh
2023-06-25 10:14:06,6.3,25.81,1,keruh
2023-06-25 10:14:41,6.12,25.88,1,keruh
2023-06-25 10:15:15,6.1,25.88,1,keruh
2023-06-25 10:15:39,6.07,25.81,1,keruh
2023-06-25 10:16:27,6.0,25.88,1,keruh
2023-06-25 10:17:51,6.09,25.88,0,keruh
2023-06-25 10:18:08,6.04,25.88,0,keruh
2023-06-25 10:18:26,6.0,25.88,0,keruh
2023-06-25 10:18:55,6.09,25.88,0,keruh
2023-06-25 10:19:06,6.0,25.88,0,keruh
2023-06-25 10:19:12,6.01,25.88,0,keruh
2023-06-25 10:19:18,6.0,25.88,0,keruh
2023-06-25 10:19:30,6.06,25.88,0,keruh
2023-06-25 10:20:08,6.1,25.88,0,keruh
2023-06-25 10:20:19,6.01,25.88,1,keruh
2023-06-25 10:20:25,6.08,25.88,0,keruh
2023-06-25 10:20:43,6.03,25.88,0,keruh
2023-06-25 10:20:49,6.05,25.88,0,keruh
2023-06-25 10:21:13,6.0,25.88,0,keruh
2023-06-25 10:21:18,6.02,25.88,0,keruh
2023-06-25 10:21:24,6.04,25.88,0,keruh
2023-06-25 10:21:36,6.0,25.88,0,keruh
2023-06-25 10:21:42,6.07,25.88,0,keruh
2023-06-25 10:21:47,6.08,25.88,0,keruh
2023-06-25 10:21:59,6.1,25.88,0,keruh
2023-06-25 10:22:05,6.08,25.88,0,keruh
2023-06-25 10:22:11,6.15,25.88,0,keruh
2023-06-25 10:22:28,6.1,25.88,0,keruh
2023-06-25 10:22:35,6.1,25.88,0,keruh
2023-06-25 10:22:59,6.08,25.88,0,keruh
2023-06-25 10:23:05,6.0,25.88,0,keruh
2023-06-25 10:23:17,6.12,25.88,0,keruh
2023-06-25 10:23:23,6.02,25.88,0,keruh
2023-06-25 10:23:29,6.23,25.88,1,keruh
2023-06-25 10:23:35,6.2,25.88,0,keruh
2023-06-25 10:23:41,6.08,25.88,0,keruh
2023-06-25 10:23:47,6.24,25.88,0,keruh
2023-06-25 10:23:53,6.15,25.88,0,keruh
2023-06-25 10:23:59,6.39,25.88,0,keruh
2023-06-25 10:24:04,6.13,25.88,0,keruh
2023-06-25 10:24:10,6.14,25.88,0,keruh
2023-06-25 10:24:16,6.16,25.88,0,keruh
2023-06-25 10:24:22,6.21,25.88,0,keruh
2023-06-25 10:24:28,6.12,25.88,0,keruh
2023-06-25 10:24:34,6.1,25.88,0,keruh
2023-06-25 10:24:40,6.13,25.88,0,keruh
2023-06-25 10:24:46,6.28,25.88,0,keruh
2023-06-25 10:24:52,6.12,25.88,0,keruh
2023-06-25 10:24:58,6.12,25.88,0,keruh
2023-06-25 10:25:03,6.25,25.88,0,keruh
2023-06-25 10:25:09,6.08,25.88,0,keruh
2023-06-25 10:25:15,6.24,25.88,0,keruh
2023-06-25 10:25:21,6.18,25.88,0,keruh
2023-06-25 10:25:26,6.2,25.88,0,keruh
2023-06-25 10:25:38,6.18,25.88,0,keruh
2023-06-25 10:25:45,6.18,25.88,0,keruh
2023-06-25 10:25:56,6.27,25.88,0,keruh
2023-06-25 10:26:02,6.1,25.88,0,keruh
2023-06-25 10:26:09,6.2,25.88,0,keruh
2023-06-25 10:26:15,6.12,25.88,0,keruh
2023-06-25 10:26:20,6.12,25.88,0,keruh
2023-06-25 10:26:26,6.25,25.88,0,keruh
2023-06-25 10:26:32,6.18,25.88,0,keruh
2023-06-25 10:26:38,6.34,25.88,0,keruh
2023-06-25 10:26:43,6.01,25.88,0,keruh
2023-06-25 10:26:49,6.16,25.88,1,keruh
2023-06-25 10:26:55,6.33,25.88,1,keruh
2023-06-25 10:27:01,6.23,25.88,1,keruh
2023-06-25 10:27:07,6.24,25.88,1,keruh
2023-06-25 10:27:12,6.29,25.88,1,keruh
2023-06-25 10:27:19,6.24,25.88,1,keruh
2023-06-25 10:27:24,6.12,25.88,1,keruh
2023-06-25 10:27:30,6.31,25.88,1,keruh
2023-06-25 10:27:36,6.29,25.88,1,keruh
2023-06-25 10:27:42,6.36,25.88,1,keruh
2023-06-25 10:27:48,6.06,25.88,1,keruh
2023-06-25 10:27:54,6.33,25.88,1,keruh
2023-06-25 10:28:00,6.23,25.94,1,keruh
2023-06-25 10:28:06,6.21,25.88,1,keruh
2023-06-25 10:28:11,6.1,25.88,1,keruh
2023-06-25 10:28:18,6.4,25.88,1,keruh
2023-06-25 10:28:24,6.12,25.88,1,keruh
2023-06-25 10:28:30,6.2,25.88,1,keruh
2023-06-25 10:28:35,6.14,25.88,1,keruh
2023-06-25 10:28:41,6.23,25.88,1,keruh
2023-06-25 10:28:48,6.2,25.88,1,keruh
2023-06-25 10:28:54,6.26,25.88,1,keruh
2023-06-25 10:29:00,6.14,25.88,1,keruh
2023-06-25 10:29:06,6.25,25.88,1,keruh
2023-06-25 10:29:12,6.21,25.88,1,keruh
2023-06-25 10:29:18,6.12,25.88,0,keruh
2023-06-25 10:29:24,6.21,25.88,0,keruh
2023-06-25 10:29:29,6.27,25.88,0,keruh
2023-06-25 10:29:35,6.17,25.88,0,keruh
2023-06-25 10:29:42,6.29,25.88,1,keruh
2023-06-25 10:29:48,6.24,25.88,1,keruh
2023-06-25 10:29:54,6.28,25.88,1,keruh
2023-06-25 10:29:59,6.23,25.88,0,keruh
2023-06-25 10:30:06,6.34,25.88,0,keruh
2023-06-25 10:30:11,6.3,25.88,1,keruh
2023-06-25 10:30:19,6.34,25.88,0,keruh
2023-06-25 10:30:25,6.25,25.88,0,keruh
2023-06-25 10:30:30,6.25,25.88,0,keruh
2023-06-25 10:30:37,6.29,25.88,0,keruh
2023-06-25 10:30:43,6.4,25.88,0,keruh
2023-06-25 10:30:49,6.16,25.88,0,keruh
2023-06-25 10:30:54,6.32,25.88,0,keruh
2023-06-25 10:31:00,6.34,25.88,0,keruh
2023-06-25 10:31:06,6.39,25.88,0,keruh
2023-06-25 10:31:12,6.21,25.88,0,keruh
2023-06-25 10:31:18,6.29,25.88,1,keruh
2023-06-25 10:31:24,6.2,25.88,0,keruh
2023-06-25 10:31:29,6.35,25.88,0,keruh
2023-06-25 10:31:35,6.34,25.94,0,keruh
2023-06-25 10:31:41,6.23,25.88,0,keruh
2023-06-25 10:31:48,6.16,25.88,1,keruh
2023-06-25 10:31:54,6.35,25.88,0,keruh
2023-06-25 10:32:00,6.28,25.88,1,keruh
2023-06-25 10:32:05,6.24,25.88,0,keruh
2023-06-25 10:32:12,6.2,25.88,1,keruh
2023-06-25 10:32:17,6.2,25.88,1,keruh
2023-06-25 10:32:23,6.12,25.88,0,keruh
2023-06-25 10:32:29,6.03,25.88,1,keruh
2023-06-25 10:32:35,6.21,25.88,1,keruh
2023-06-25 10:32:41,6.27,25.88,1,keruh
2023-06-25 10:32:47,6.08,25.88,1,keruh
2023-06-25 10:32:53,6.26,25.88,1,keruh
2023-06-25 10:32:59,6.25,25.88,1,keruh
2023-06-25 10:33:05,6.16,25.88,1,keruh
2023-06-25 10:33:11,6.44,25.88,1,keruh
2023-06-25 10:33:17,6.16,25.88,0,keruh
2023-06-25 10:33:25,6.27,25.88,0,keruh
2023-06-25 10:33:30,6.39,25.88,0,keruh
2023-06-25 10:33:36,6.26,25.88,0,keruh
2023-06-25 10:33:42,6.28,25.88,0,keruh
2023-06-25 10:33:48,6.27,25.88,0,keruh
2023-06-25 10:33:54,6.38,25.88,0,keruh
2023-06-25 10:34:00,6.23,25.88,0,keruh
2023-06-25 10:34:06,6.28,25.88,0,keruh
2023-06-25 10:34:11,6.13,25.94,0,keruh
2023-06-25 10:34:17,6.35,25.88,0,keruh
2023-06-25 10:34:23,6.13,25.94,0,keruh
2023-06-25 10:34:29,6.29,25.88,0,keruh
2023-06-25 10:34:35,6.27,25.94,0,keruh
2023-06-25 10:34:41,6.39,25.88,0,keruh
2023-06-25 10:34:48,6.31,25.94,0,keruh
2023-06-25 10:34:54,6.14,25.88,0,keruh
2023-06-25 10:34:59,6.18,25.94,0,keruh
2023-06-25 10:35:06,6.3,25.94,0,keruh
2023-06-25 10:35:12,6.27,25.88,0,keruh
2023-06-25 10:35:19,6.26,25.94,0,keruh
2023-06-25 10:35:25,6.28,25.88,0,keruh
2023-06-25 10:35:32,6.2,25.88,0,keruh
2023-06-25 10:35:38,6.23,25.88,0,keruh
2023-06-25 10:35:44,6.12,25.94,0,keruh
2023-06-25 10:35:50,6.4,25.88,0,keruh
2023-06-25 10:35:56,6.34,25.88,0,keruh
2023-06-25 10:36:03,6.27,25.94,0,keruh
2023-06-25 10:36:09,6.2,25.94,0,keruh
2023-06-25 10:36:15,6.18,25.94,0,keruh
2023-06-25 10:36:22,6.25,25.94,0,keruh
2023-06-25 10:36:28,6.39,25.94,0,keruh
2023-06-25 10:36:34,6.22,25.94,0,keruh
2023-06-25 10:36:41,6.31,25.94,0,keruh
2023-06-25 10:36:47,6.29,25.94,0,keruh
2023-06-25 10:36:52,6.34,25.94,0,keruh
2023-06-25 10:36:59,6.22,25.94,0,keruh
2023-06-25 10:37:05,6.12,25.94,0,keruh
2023-06-25 10:37:11,6.36,25.94,0,keruh
2023-06-25 10:37:17,6.36,25.94,0,keruh
2023-06-25 10:37:24,6.24,25.94,0,keruh
2023-06-25 10:37:30,6.29,25.94,0,keruh
2023-06-25 10:37:37,6.37,25.94,0,keruh
2023-06-25 10:38:04,6.15,25.94,0,keruh
2023-06-25 10:38:17,6.28,25.94,0,keruh
2023-06-25 10:38:25,6.14,25.94,0,keruh
2023-06-25 10:38:31,6.03,25.94,0,keruh
2023-06-25 10:38:41,6.16,25.94,0,keruh
2023-06-25 10:38:50,6.23,25.94,0,keruh
2023-06-25 10:38:56,6.17,25.94,0,keruh
2023-06-25 10:39:02,6.12,25.94,0,keruh
2023-06-25 10:39:08,6.07,25.94,0,keruh
2023-06-25 10:39:13,6.24,25.94,0,keruh
2023-06-25 10:39:19,6.35,25.94,0,keruh
2023-06-25 10:39:25,6.27,25.94,0,keruh
2023-06-25 10:39:31,6.24,25.94,0,keruh
2023-06-25 10:39:44,6.34,25.94,0,keruh
2023-06-25 10:39:50,6.26,25.94,0,keruh
2023-06-25 10:39:55,6.29,25.94,0,keruh
2023-06-25 10:40:01,6.24,25.94,0,keruh
2023-06-25 10:40:07,6.12,25.94,0,keruh
2023-06-25 10:40:12,6.22,25.94,0,keruh
2023-06-25 10:40:18,6.14,25.94,0,keruh
2023-06-25 10:40:24,6.2,25.94,0,keruh
2023-06-25 10:40:30,6.24,25.94,0,keruh
2023-06-25 10:40:36,6.29,25.94,0,keruh
2023-06-25 10:40:41,6.25,25.94,0,keruh
2023-06-25 10:40:47,6.14,25.94,0,keruh
2023-06-25 10:40:53,6.16,25.94,0,keruh
2023-06-25 10:40:59,6.27,25.94,0,keruh
2023-06-25 10:41:05,6.19,25.94,0,keruh
2023-06-25 10:41:12,6.2,25.94,0,keruh
2023-06-25 10:41:18,6.25,25.94,0,keruh
2023-06-25 10:41:24,6.3,25.94,0,keruh
2023-06-25 10:41:30,6.28,25.94,0,keruh
2023-06-25 10:41:36,6.26,25.94,0,keruh
2023-06-25 10:41:42,6.23,25.94,0,keruh
2023-06-25 10:41:48,6.16,25.94,0,keruh
2023-06-25 10:41:54,6.3,25.94,0,keruh
2023-06-25 10:42:00,6.08,25.94,0,keruh
2023-06-25 10:42:05,6.31,25.94,0,keruh
2023-06-25 10:42:11,6.2,25.94,0,keruh
2023-06-25 10:42:17,6.3,25.94,0,keruh
2023-06-25 10:42:23,6.12,25.94,0,keruh
2023-06-25 10:42:29,6.28,25.94,0,keruh
2023-06-25 10:42:34,6.2,25.94,0,keruh
2023-06-25 10:42:40,6.25,25.94,0,keruh
2023-06-25 10:42:46,6.23,25.94,0,keruh
2023-06-25 10:42:52,6.07,25.94,0,keruh
2023-06-25 10:42:57,6.39,25.94,0,keruh
2023-06-25 10:43:03,6.39,25.94,0,keruh
2023-06-25 10:43:10,6.09,25.94,0,keruh
2023-06-25 10:43:15,6.29,25.94,0,keruh
2023-06-25 10:43:21,6.22,25.94,0,keruh
2023-06-25 10:43:27,6.16,25.94,0,keruh
2023-06-25 10:43:33,6.21,25.94,0,keruh
2023-06-25 10:43:39,6.27,25.94,0,keruh
2023-06-25 10:43:44,6.16,25.94,0,keruh
2023-06-25 10:43:50,6.2,25.94,0,keruh
2023-06-25 10:43:56,6.24,25.94,0,keruh
2023-06-25 10:44:02,6.39,25.94,0,keruh
2023-06-25 10:44:08,6.33,25.94,0,keruh
2023-06-25 10:44:15,6.17,25.94,0,keruh
2023-06-25 10:44:20,6.36,25.94,0,keruh
2023-06-25 10:44:26,6.25,25.94,0,keruh
2023-06-25 10:44:32,6.2,25.94,0,keruh
2023-06-25 10:44:38,6.26,25.94,0,keruh
2023-06-25 10:44:44,6.18,25.94,0,keruh
2023-06-25 10:44:50,6.24,25.94,0,keruh
2023-06-25 10:44:56,6.24,25.94,0,keruh
2023-06-25 10:45:02,6.19,25.94,0,keruh
2023-06-25 10:45:07,6.05,25.94,0,keruh
2023-06-25 10:45:13,6.24,25.94,0,keruh
2023-06-25 10:45:19,6.33,25.94,0,keruh
2023-06-25 10:45:25,6.21,25.94,0,keruh
2023-06-25 10:45:31,6.27,25.94,0,keruh
2023-06-25 10:45:37,6.23,25.94,0,keruh
2023-06-25 10:45:43,6.25,26.0,0,keruh
2023-06-25 10:45:48,6.35,25.94,0,keruh
2023-06-25 10:45:55,6.17,25.94,0,keruh
2023-06-25 10:46:00,6.34,25.94,0,keruh
2023-06-25 10:46:06,6.2,25.94,0,keruh
2023-06-25 10:46:12,6.24,25.94,0,keruh
2023-06-25 10:46:19,6.16,25.94,0,keruh
2023-06-25 10:46:25,6.47,25.94,0,keruh
2023-06-25 10:46:30,6.37,25.94,0,keruh
2023-06-25 10:46:36,6.27,25.94,0,keruh
2023-06-25 10:46:42,6.26,25.94,0,keruh
2023-06-25 10:46:48,6.34,25.94,0,keruh
2023-06-25 10:46:54,6.29,25.94,0,keruh
2023-06-25 10:47:00,6.36,25.94,0,keruh
2023-06-25 10:47:06,6.32,25.94,0,keruh
2023-06-25 10:47:12,6.26,25.94,0,keruh
2023-06-25 10:47:18,6.39,25.94,0,keruh
2023-06-25 10:47:24,6.23,25.94,0,keruh
2023-06-25 10:47:30,6.23,25.94,0,keruh
2023-06-25 10:47:36,6.37,26.0,0,keruh
2023-06-25 10:47:42,6.26,25.94,0,keruh
2023-06-25 10:47:48,6.39,25.94,0,keruh
2023-06-25 10:47:54,6.39,25.94,0,keruh
2023-06-25 10:47:59,6.39,25.94,0,keruh
2023-06-25 10:48:05,6.27,25.94,0,keruh
2023-06-25 10:48:11,6.34,25.94,0,keruh
2023-06-25 10:48:16,6.33,25.94,0,keruh
2023-06-25 10:48:22,6.2,25.94,0,keruh
2023-06-25 10:48:28,6.43,25.94,0,keruh
2023-06-25 10:48:34,6.46,25.94,0,keruh
2023-06-25 10:48:40,6.44,25.94,0,keruh
2023-06-25 10:48:45,6.59,26.0,0,keruh
2023-06-25 10:48:51,6.47,26.0,1,keruh
2023-06-25 10:48:57,6.66,25.94,0,keruh
2023-06-25 10:49:03,6.73,25.94,0,keruh
2023-06-25 10:49:09,6.66,26.0,0,keruh
2023-06-25 10:49:15,6.57,26.0,1,keruh
2023-06-25 10:49:20,6.39,26.0,0,keruh
2023-06-25 10:49:26,6.33,25.94,0,keruh
2023-06-25 10:49:32,6.31,26.0,1,keruh
2023-06-25 10:49:38,6.43,25.94,0,keruh
2023-06-25 10:49:44,6.39,25.94,0,keruh
2023-06-25 10:49:50,6.44,25.94,0,keruh
2023-06-25 10:49:55,6.49,25.94,1,keruh
2023-06-25 10:50:01,6.31,26.0,1,keruh
2023-06-25 10:50:07,6.3,25.94,1,keruh
2023-06-25 10:50:13,6.34,25.94,0,keruh
2023-06-25 10:50:19,6.39,26.0,1,keruh
2023-06-25 10:50:25,6.37,26.0,0,keruh
2023-06-25 10:50:31,6.4,25.94,1,keruh
2023-06-25 10:50:37,6.44,26.0,1,keruh
2023-06-25 10:50:43,6.34,25.94,0,keruh
2023-06-25 10:50:48,6.2,26.0,1,keruh
2023-06-25 10:50:54,6.44,25.94,1,keruh
2023-06-25 10:51:01,6.39,25.94,0,keruh
2023-06-25 10:51:07,6.38,26.0,1,keruh
2023-06-25 10:51:12,6.66,26.0,0,keruh
2023-06-25 10:51:18,6.74,25.94,0,keruh
2023-06-25 10:51:24,6.76,25.94,1,keruh
2023-06-25 10:51:30,6.77,25.94,0,keruh
2023-06-25 10:51:36,7.09,25.94,1,keruh
2023-06-25 10:51:42,6.74,26.0,1,keruh
2023-06-25 10:51:48,6.7,25.94,1,keruh
2023-06-25 10:51:54,6.71,25.94,0,keruh
2023-06-25 10:51:59,6.83,25.94,0,keruh
2023-06-25 10:52:05,6.82,25.94,1,keruh
2023-06-25 10:52:11,6.63,26.0,1,keruh
2023-06-25 10:52:18,6.81,26.0,0,keruh
2023-06-25 10:52:24,6.78,26.0,0,keruh
2023-06-25 10:52:30,6.65,26.0,1,keruh
2023-06-25 10:52:36,6.74,26.0,1,keruh
2023-06-25 10:52:42,6.78,26.0,0,keruh
2023-06-25 10:52:47,6.61,26.0,1,keruh
2023-06-25 10:52:55,6.6,26.0,0,keruh
2023-06-25 10:53:01,6.63,26.0,1,keruh
2023-06-25 10:53:07,6.53,26.0,1,keruh
2023-06-25 10:53:13,6.54,26.0,1,keruh
2023-06-25 10:53:20,6.52,26.0,1,keruh
2023-06-25 10:53:26,6.52,26.0,1,keruh
2023-06-25 10:53:32,6.61,26.0,1,keruh
2023-06-25 10:53:38,6.52,26.0,0,keruh
2023-06-25 10:53:44,6.63,26.0,1,keruh
2023-06-25 10:53:50,6.57,26.0,1,keruh
2023-06-25 10:53:56,6.65,26.0,1,keruh
2023-06-25 10:54:01,7.0,26.0,1,keruh
2023-06-25 10:54:07,7.28,26.0,1,keruh
2023-06-25 10:54:13,7.4,26.0,1,keruh
2023-06-25 10:54:19,7.43,26.0,1,keruh
2023-06-25 10:54:25,7.5,26.0,0,keruh
2023-06-25 10:54:32,7.4,26.0,1,keruh
2023-06-25 10:54:37,7.34,26.0,1,keruh
2023-06-25 10:54:43,7.35,26.0,1,keruh
2023-06-25 10:54:49,7.06,26.0,1,keruh
2023-06-25 10:54:55,6.97,26.0,1,keruh
2023-06-25 10:55:01,7.17,26.0,0,keruh
2023-06-25 10:55:06,7.01,26.0,1,keruh
2023-06-25 10:55:12,7.02,26.0,1,keruh
2023-06-25 10:55:18,6.97,26.0,1,keruh
2023-06-25 10:55:24,7.26,26.0,0,keruh
2023-06-25 10:55:30,7.04,26.0,1,keruh
2023-06-25 10:55:36,6.87,26.0,1,keruh
2023-06-25 10:55:42,7.02,26.0,1,keruh
2023-06-25 10:55:47,6.77,26.0,0,keruh
2023-06-25 10:55:53,6.87,26.0,0,keruh
2023-06-25 10:55:59,6.89,26.0,1,keruh
2023-06-25 10:56:05,6.77,26.0,1,keruh
2023-06-25 10:56:11,6.97,26.0,1,keruh
2023-06-25 10:56:17,6.81,26.0,1,keruh
2023-06-25 10:56:23,6.96,26.0,1,keruh
2023-06-25 10:56:30,6.99,26.0,1,keruh
2023-06-25 10:56:36,7.14,26.0,1,keruh
2023-06-25 10:56:42,7.01,26.0,1,keruh
2023-06-25 10:56:47,7.04,26.0,1,keruh
2023-06-25 10:56:53,7.01,26.0,1,keruh
2023-06-25 10:57:00,6.77,26.0,1,keruh
2023-06-25 10:57:06,6.94,26.0,1,keruh
2023-06-25 10:57:11,6.92,26.0,1,keruh
2023-06-25 10:57:17,6.8,26.0,1,keruh
2023-06-25 10:57:23,7.05,26.0,1,keruh
2023-06-25 10:57:29,6.73,26.0,1,keruh
2023-06-25 10:57:35,6.76,26.0,1,keruh
2023-06-25 10:57:41,6.86,26.0,1,keruh
2023-06-25 10:57:47,6.76,26.0,1,keruh
2023-06-25 10:57:54,6.87,26.0,1,keruh
2023-06-25 10:58:00,6.79,26.0,1,keruh
2023-06-25 10:58:06,6.91,26.0,1,keruh
2023-06-25 10:58:11,7.0,26.0,1,keruh
2023-06-25 10:58:18,6.92,26.0,1,keruh
2023-06-25 10:58:23,6.82,26.0,1,keruh
2023-06-25 10:58:30,7.1,26.0,1,keruh
2023-06-25 10:58:36,6.89,26.0,1,keruh
2023-06-25 10:58:42,7.01,26.0,1,keruh
2023-06-25 10:58:47,6.99,26.0,1,keruh
2023-06-25 10:58:53,7.1,26.0,1,keruh
2023-06-25 10:58:59,6.94,26.0,1,keruh
2023-06-25 10:59:05,6.94,26.0,1,keruh
2023-06-25 10:59:11,7.01,26.0,1,keruh
2023-06-25 10:59:17,7.01,26.0,1,keruh
2023-06-25 10:59:23,6.82,26.0,1,keruh
2023-06-25 10:59:29,6.99,26.0,1,keruh
2023-06-25 10:59:35,6.84,26.0,1,keruh
2023-06-25 10:59:41,6.99,26.0,1,keruh
2023-06-25 10:59:47,6.84,26.0,1,keruh
2023-06-25 10:59:53,6.86,26.0,1,keruh
2023-06-25 10:59:59,6.82,26.0,1,keruh
2023-06-25 11:00:05,6.84,26.0,1,keruh
2023-06-25 11:00:11,6.76,26.0,1,keruh
2023-06-25 11:00:17,6.92,26.0,1,keruh
2023-06-25 11:00:23,7.02,26.0,1,keruh
2023-06-25 11:00:29,6.92,26.0,1,keruh
2023-06-25 11:00:35,6.96,26.0,1,keruh
2023-06-25 11:00:41,7.11,26.0,1,keruh
2023-06-25 11:00:47,6.82,26.0,1,keruh
2023-06-25 11:00:53,6.84,26.0,1,keruh
2023-06-25 11:00:59,7.05,26.0,1,keruh
2023-06-25 11:01:05,6.97,26.0,1,keruh
2023-06-25 11:01:10,7.05,26.0,1,keruh
2023-06-25 11:01:17,6.91,26.0,1,keruh
2023-06-25 11:01:22,6.84,26.0,1,keruh
2023-06-25 11:01:28,6.92,26.0,1,keruh
2023-06-25 11:01:34,6.94,26.0,1,keruh
2023-06-25 11:01:40,7.03,26.0,1,keruh
2023-06-25 11:01:46,7.11,26.0,1,keruh
2023-06-25 11:01:53,7.04,26.0,1,keruh
2023-06-25 11:01:59,7.09,26.0,1,keruh
2023-06-25 11:02:05,7.22,26.0,1,keruh
2023-06-25 11:02:11,7.08,26.0,1,keruh
2023-06-25 11:02:17,7.07,26.0,1,keruh
2023-06-25 11:02:23,6.91,26.0,1,keruh
2023-06-25 11:02:30,7.11,26.0,1,keruh
2023-06-25 11:02:36,6.84,26.0,1,keruh
2023-06-25 11:02:42,6.94,26.0,1,keruh
2023-06-25 11:02:49,7.01,26.0,1,keruh
2023-06-25 11:02:54,7.05,26.0,1,keruh
2023-06-25 11:03:00,6.9,26.0,1,keruh
2023-06-25 11:03:06,6.99,26.0,1,keruh
2023-06-25 11:03:12,6.99,26.0,1,keruh
2023-06-25 11:03:18,7.01,26.0,1,keruh
2023-06-25 11:03:24,6.97,26.0,1,keruh
2023-06-25 11:03:31,6.92,26.0,1,keruh
2023-06-25 11:03:36,7.03,26.0,1,keruh
2023-06-25 11:03:42,7.02,26.0,1,keruh
2023-06-25 11:03:48,7.04,26.0,1,keruh
2023-06-25 11:03:54,7.06,26.0,1,keruh
2023-06-25 11:04:00,6.86,26.0,1,keruh
2023-06-25 11:04:06,6.87,26.0,1,keruh
2023-06-25 11:04:12,7.16,26.0,1,keruh
2023-06-25 11:04:18,6.88,26.0,1,keruh
2023-06-25 11:04:23,6.97,26.0,1,keruh
2023-06-25 11:04:30,6.79,26.0,1,keruh
2023-06-25 11:04:35,6.99,26.0,1,keruh
2023-06-25 11:04:41,6.99,26.0,1,keruh
2023-06-25 11:04:47,7.0,26.0,1,keruh
2023-06-25 11:04:53,6.73,26.0,1,keruh
2023-06-25 11:04:59,6.89,26.0,1,keruh
2023-06-25 11:05:05,7.04,26.06,1,keruh
2023-06-25 11:05:11,6.86,26.0,1,keruh
2023-06-25 11:05:18,6.95,26.0,1,keruh
2023-06-25 11:05:23,6.97,26.0,1,keruh
2023-06-25 11:05:30,7.02,26.0,1,keruh
2023-06-25 11:05:36,6.84,26.0,1,keruh
2023-06-25 11:05:43,6.84,26.0,1,keruh
2023-06-25 11:05:49,6.82,26.0,1,keruh
2023-06-25 11:05:55,6.91,26.0,1,keruh
2023-06-25 11:06:01,6.83,26.06,1,keruh
2023-06-25 11:06:07,6.77,26.06,1,keruh
2023-06-25 11:06:13,6.82,26.0,1,keruh
2023-06-25 11:06:19,6.71,26.0,1,keruh
2023-06-25 11:06:25,6.92,26.06,1,keruh
2023-06-25 11:06:31,6.73,26.0,1,keruh
2023-06-25 11:06:37,6.94,26.06,1,keruh
2023-06-25 11:06:43,7.0,26.06,1,keruh
2023-06-25 11:06:49,6.86,26.06,1,keruh
2023-06-25 11:06:54,6.76,26.06,1,keruh
2023-06-25 11:07:01,7.06,26.06,1,keruh
2023-06-25 11:07:07,6.87,26.0,1,keruh
2023-06-25 11:07:13,6.87,26.0,1,keruh
2023-06-25 11:07:19,6.98,26.06,1,keruh
2023-06-25 11:07:25,6.76,26.0,1,keruh
2023-06-25 11:07:31,7.01,26.06,1,keruh
2023-06-25 11:07:37,6.69,26.06,1,keruh
2023-06-25 11:07:44,6.76,26.06,1,keruh
2023-06-25 11:07:50,6.88,26.0,1,keruh
2023-06-25 11:07:56,6.87,26.0,1,keruh
2023-06-25 11:08:02,6.87,26.06,1,keruh
2023-06-25 11:08:08,6.87,26.06,1,keruh
2023-06-25 11:08:14,6.78,26.06,1,keruh
2023-06-25 11:08:20,6.8,26.06,1,keruh
2023-06-25 11:08:26,6.77,26.06,1,keruh
2023-06-25 11:08:33,6.73,26.06,1,keruh
2023-06-25 11:08:38,7.02,26.06,1,keruh
2023-06-25 11:08:45,6.87,26.06,1,keruh
2023-06-25 11:08:51,6.82,26.0,1,keruh
2023-06-25 11:08:57,6.64,26.06,1,keruh
2023-06-25 11:09:03,6.63,26.0,1,keruh
2023-06-25 11:09:09,6.79,26.06,1,keruh
2023-06-25 11:09:15,6.68,26.0,1,keruh
2023-06-25 11:09:21,6.76,26.06,1,keruh
2023-06-25 11:09:26,6.86,26.06,1,keruh
2023-06-25 11:09:32,6.7,26.06,1,keruh
2023-06-25 11:09:38,6.7,26.0,1,keruh
2023-06-25 11:09:44,6.82,26.06,1,keruh
2023-06-25 11:09:50,6.64,26.06,1,keruh
2023-06-25 11:09:56,6.8,26.0,1,keruh
2023-06-25 11:10:02,6.56,26.06,1,keruh
2023-06-25 11:10:08,6.74,26.0,1,keruh
2023-06-25 11:10:15,6.82,26.06,1,keruh
2023-06-25 11:10:21,6.84,26.06,1,keruh
2023-06-25 11:10:27,6.79,26.06,1,keruh
2023-06-25 11:10:33,6.81,26.06,1,keruh
2023-06-25 11:10:39,6.66,26.06,1,keruh
2023-06-25 11:10:45,6.82,26.06,1,keruh
2023-06-25 11:10:51,6.92,26.06,1,keruh
2023-06-25 11:10:57,6.87,26.06,1,keruh
2023-06-25 11:11:03,6.96,26.06,1,keruh
2023-06-25 11:11:09,6.77,26.06,1,keruh
2023-06-25 11:11:15,7.01,26.06,1,keruh
2023-06-25 11:11:21,6.95,26.06,1,keruh
2023-06-25 11:11:27,6.8,26.06,1,keruh
2023-06-25 11:11:36,6.78,26.06,1,keruh
2023-06-25 11:11:42,7.1,26.06,1,keruh
2023-06-25 11:11:48,7.03,26.06,1,keruh
2023-06-25 11:11:54,6.9,26.06,1,keruh
2023-06-25 11:12:00,6.96,26.06,1,keruh
2023-06-25 11:12:05,6.82,26.06,1,keruh
2023-06-25 11:12:11,6.88,26.06,1,keruh
2023-06-25 11:12:17,6.78,26.06,1,keruh
2023-06-25 11:12:23,6.92,26.06,1,keruh
2023-06-25 11:12:29,6.91,26.06,1,keruh
2023-06-25 11:12:35,6.89,26.06,1,keruh
2023-06-25 11:12:40,6.73,26.06,1,keruh
2023-06-25 11:12:46,6.92,26.06,1,keruh
2023-06-25 11:12:52,6.77,26.06,1,keruh
2023-06-25 11:12:57,6.92,26.06,1,keruh
2023-06-25 11:13:03,6.86,26.06,1,keruh
2023-06-25 11:13:09,6.87,26.06,1,keruh
2023-06-25 11:13:15,6.73,26.06,1,keruh
2023-06-25 11:13:21,6.7,26.06,1,keruh
2023-06-25 11:13:27,6.77,26.06,1,keruh
2023-06-25 11:13:33,6.89,26.06,1,keruh
2023-06-25 11:13:39,6.86,26.06,1,keruh
2023-06-25 11:13:45,6.77,26.06,1,keruh
2023-06-25 11:13:51,6.81,26.06,1,keruh
2023-06-25 11:13:58,6.78,26.06,1,keruh
2023-06-25 11:14:04,6.8,26.06,1,keruh
2023-06-25 11:14:11,6.74,26.06,1,keruh
2023-06-25 11:14:17,6.81,26.06,1,keruh
2023-06-25 11:14:23,6.64,26.06,1,keruh
2023-06-25 11:14:29,6.96,26.06,1,keruh
2023-06-25 11:14:36,6.93,26.06,1,keruh
2023-06-25 11:14:41,6.77,26.06,1,keruh
2023-06-25 11:14:47,6.81,26.06,1,keruh
2023-06-25 11:14:53,6.83,26.06,1,keruh
2023-06-25 11:14:59,6.73,26.06,1,keruh
2023-06-25 11:15:05,6.82,26.06,1,keruh
2023-06-25 11:15:11,6.92,26.06,1,keruh
2023-06-25 11:15:17,6.9,26.06,1,keruh
2023-06-25 11:15:23,6.86,26.06,1,keruh
2023-06-25 11:15:30,6.86,26.06,1,keruh
2023-06-25 11:15:35,6.92,26.06,1,keruh
2023-06-25 11:15:41,6.81,26.06,1,keruh
2023-06-25 11:15:47,6.94,26.06,1,keruh
2023-06-25 11:15:53,6.89,26.06,1,keruh
2023-06-25 11:15:59,7.04,26.06,1,keruh
2023-06-25 11:16:05,6.97,26.06,1,keruh
2023-06-25 11:16:11,6.95,26.06,1,keruh
2023-06-25 11:16:17,7.05,26.06,1,keruh
2023-06-25 11:16:23,7.01,26.06,1,keruh
2023-06-25 11:16:29,7.11,26.06,1,keruh
2023-06-25 11:16:34,7.19,26.06,1,keruh
2023-06-25 11:16:41,6.91,26.06,1,keruh
2023-06-25 11:16:46,6.89,26.06,1,keruh
2023-06-25 11:16:52,7.05,26.06,1,keruh
2023-06-25 11:16:58,7.07,26.06,1,keruh
2023-06-25 11:17:04,7.04,26.06,1,keruh
2023-06-25 11:17:09,7.05,26.06,1,keruh
2023-06-25 11:17:15,7.07,26.06,1,keruh
2023-06-25 11:17:21,7.07,26.06,1,keruh
2023-06-25 11:17:27,7.01,26.06,1,keruh
2023-06-25 11:17:33,7.03,26.06,1,keruh
2023-06-25 11:17:40,7.05,26.06,1,keruh
2023-06-25 11:17:46,6.8,26.06,1,keruh
2023-06-25 11:17:52,6.87,26.06,1,keruh
2023-06-25 11:17:57,6.92,26.06,1,keruh
2023-06-25 11:18:03,6.77,26.06,1,keruh
2023-06-25 11:18:09,7.05,26.06,1,keruh
2023-06-25 11:18:15,7.19,26.06,1,keruh
2023-06-25 11:18:21,7.07,26.06,1,keruh
2023-06-25 11:18:27,7.1,26.06,1,keruh
2023-06-25 11:18:35,7.02,26.06,1,keruh
2023-06-25 11:18:40,7.1,26.06,1,keruh
2023-06-25 11:18:46,7.17,26.06,1,keruh
2023-06-25 11:18:52,7.09,26.06,1,keruh
2023-06-25 11:18:59,7.27,26.06,1,keruh
2023-06-25 11:19:04,7.16,26.06,1,keruh
2023-06-25 11:19:11,7.14,26.06,1,keruh
2023-06-25 11:19:16,7.08,26.06,1,keruh
2023-06-25 11:19:22,7.1,26.06,1,keruh
2023-06-25 11:19:28,7.22,26.06,1,keruh
2023-06-25 11:19:34,7.1,26.06,1,keruh
2023-06-25 11:19:40,7.06,26.06,1,keruh
2023-06-25 11:19:46,7.24,26.06,1,keruh
2023-06-25 11:19:52,7.26,26.06,1,keruh
2023-06-25 11:19:58,7.3,26.06,1,keruh
2023-06-25 11:20:04,7.34,26.06,1,keruh
2023-06-25 11:20:10,7.18,26.06,1,keruh
2023-06-25 11:20:17,7.4,26.06,1,keruh
2023-06-25 11:20:23,7.23,26.06,1,keruh
2023-06-25 11:20:28,7.22,26.06,1,keruh
2023-06-25 11:20:35,7.46,26.06,1,keruh
2023-06-25 11:20:41,7.3,26.06,1,keruh
2023-06-25 11:20:48,7.22,26.06,1,keruh
2023-06-25 11:20:54,7.22,26.06,1,keruh
2023-06-25 11:21:00,7.21,26.06,1,keruh
2023-06-25 11:21:06,7.57,26.06,1,keruh
2023-06-25 11:21:12,7.68,26.06,1,keruh
2023-06-25 11:21:18,7.99,26.06,1,keruh
2023-06-25 11:21:59,7.97,26.06,1,keruh
2023-06-25 11:22:17,7.92,26.06,1,keruh
2023-06-25 11:22:23,7.98,26.06,1,keruh
2023-06-25 11:22:30,7.76,26.06,1,keruh
2023-06-25 11:22:36,7.9,26.06,1,keruh
2023-06-25 11:22:42,7.57,26.06,1,keruh
2023-06-25 11:22:47,7.61,26.06,1,keruh
2023-06-25 11:22:53,7.56,26.06,1,keruh
2023-06-25 11:22:59,7.7,26.06,1,keruh
2023-06-25 11:23:05,7.69,26.06,1,keruh
2023-06-25 11:23:11,7.65,26.06,1,keruh
2023-06-25 11:23:17,7.59,26.06,0,keruh
2023-06-25 11:23:23,7.9,26.06,0,keruh
2023-06-25 11:23:29,7.76,26.06,0,keruh
2023-06-25 11:23:35,7.93,26.06,0,keruh
2023-06-25 11:24:22,7.98,26.06,1,keruh
2023-06-25 11:24:40,7.99,26.06,0,keruh
2023-06-25 11:24:53,7.99,26.12,1,keruh
2023-06-25 11:25:46,7.98,26.06,1,keruh
2023-06-25 11:26:33,7.95,26.06,1,keruh
2023-06-25 11:28:02,7.95,26.06,1,keruh
2023-06-25 11:28:25,7.98,26.06,0,keruh
2023-06-25 11:28:49,8.0,26.06,0,keruh
2023-06-25 11:29:30,7.98,26.12,1,keruh
2023-06-25 11:29:55,8.0,26.06,1,keruh
2023-06-25 11:30:06,7.98,26.12,1,keruh
2023-06-25 11:30:12,7.87,26.12,1,keruh
2023-06-25 11:30:18,7.98,26.12,0,keruh
2023-06-25 11:30:24,7.86,26.06,1,keruh
2023-06-25 11:30:29,7.7,26.12,1,keruh
2023-06-25 11:30:35,7.83,26.06,1,keruh
2023-06-25 11:30:41,7.84,26.12,1,keruh
2023-06-25 11:30:47,7.76,26.12,1,keruh
2023-06-25 12:19:46,7.89,26.19,0,keruh
2023-06-25 12:19:52,7.71,26.19,0,keruh
2023-06-25 12:19:57,7.6,26.19,0,keruh
2023-06-25 12:20:03,7.59,26.19,0,keruh
2023-06-25 12:20:09,7.57,26.19,0,keruh
2023-06-25 12:20:15,7.43,26.19,0,keruh
2023-06-25 12:20:21,7.45,26.19,0,keruh
2023-06-25 12:20:26,7.27,26.19,1,keruh
2023-06-25 12:20:32,7.18,26.19,1,keruh
2023-06-25 12:20:38,7.14,26.19,1,keruh
2023-06-25 12:20:44,7.16,26.19,1,keruh
2023-06-25 12:20:50,7.16,26.19,1,keruh
2023-06-25 12:20:55,7.06,26.19,1,keruh
2023-06-25 12:21:01,7.07,26.19,1,keruh
2023-06-25 12:21:08,7.21,26.19,1,keruh
2023-06-25 12:21:13,7.05,26.19,1,keruh
2023-06-25 12:21:19,7.15,26.19,1,keruh
2023-06-25 12:21:26,7.04,26.25,1,keruh
2023-06-25 12:21:31,6.95,26.19,1,keruh
2023-06-25 12:21:37,7.12,26.19,1,keruh
2023-06-25 12:21:43,7.06,26.19,1,keruh
2023-06-25 12:21:49,7.07,26.19,1,keruh
2023-06-25 12:21:56,7.03,26.19,1,keruh
2023-06-25 12:22:02,6.99,26.19,1,keruh
2023-06-25 12:22:07,7.19,26.19,1,keruh
2023-06-25 12:22:13,7.07,26.19,1,keruh
2023-06-25 12:22:19,7.19,26.19,1,keruh
2023-06-25 12:22:25,7.18,26.19,1,keruh
2023-06-25 12:22:30,7.12,26.19,1,keruh
2023-06-25 12:22:36,7.06,26.19,1,keruh
2023-06-25 12:22:42,7.18,26.19,1,keruh
2023-06-25 12:22:48,7.22,26.19,1,keruh
2023-06-25 12:22:54,7.12,26.19,1,keruh
2023-06-25 12:22:59,7.06,26.19,1,keruh
2023-06-25 12:23:05,7.16,26.19,1,keruh
2023-06-25 12:23:11,7.16,26.19,1,keruh
2023-06-25 12:23:17,7.22,26.19,1,keruh
2023-06-25 12:23:23,7.13,26.19,1,keruh
2023-06-25 12:23:29,7.01,26.19,1,keruh
2023-06-25 12:23:35,7.17,26.19,1,keruh
2023-06-25 12:23:41,7.26,26.19,1,keruh
2023-06-25 12:29:04,6.11,26.19,1,keruh
2023-06-25 12:44:38,7.95,27.81,3,bersih
2023-06-25 12:49:18,7.06,27.75,3,bersih
2023-06-25 13:02:15,7.7,27.37,3,bersih
2023-06-25 13:02:21,6.01,27.37,3,bersih
2023-06-25 13:02:27,7.52,27.37,3,bersih
2023-06-25 13:02:38,6.28,27.37,3,bersih
2023-06-25 13:02:44,6.05,27.37,3,bersih
2023-06-25 13:02:56,6.12,27.37,3,bersih
2023-06-25 13:03:02,7.18,27.37,3,bersih
2023-06-25 13:03:08,7.43,27.37,3,bersih
2023-06-25 13:03:14,7.05,27.37,3,bersih
2023-06-25 13:03:43,6.06,27.37,3,bersih
2023-06-25 13:45:24,6.92,26.87,3,bersih
2023-06-25 13:45:30,7.04,26.94,3,bersih
2023-06-25 13:45:42,6.92,26.87,4,bersih
2023-06-25 13:45:48,6.92,26.87,4,bersih
2023-06-25 13:45:53,7.02,26.87,4,bersih
2023-06-25 13:45:59,7.0,26.87,4,bersih
2023-06-25 13:46:05,6.97,26.94,4,bersih
2023-06-25 13:46:16,6.96,26.87,4,bersih
2023-06-25 13:46:34,6.89,26.87,4,bersih
2023-06-25 13:46:39,7.04,26.87,4,bersih
2023-06-25 13:46:45,6.92,26.94,4,bersih
2023-06-25 13:46:51,6.92,26.87,4,bersih
2023-06-25 13:46:57,6.92,26.94,4,bersih
2023-06-25 13:47:02,6.84,26.87,4,bersih
2023-06-25 13:47:08,6.97,26.87,4,bersih
2023-06-25 13:47:14,7.93,26.87,4,bersih
2023-06-25 13:47:26,7.01,26.87,4,bersih
2023-06-25 13:47:32,6.89,26.87,4,bersih
2023-06-25 13:47:37,6.77,26.94,4,bersih
2023-06-25 13:47:43,6.92,26.87,4,bersih
2023-06-25 13:47:49,6.92,26.94,4,bersih
2023-06-25 13:47:55,7.17,26.87,4,bersih
2023-06-25 13:48:12,6.94,26.87,4,bersih
2023-06-25 13:48:24,7.66,26.87,4,bersih
2023-06-25 13:48:30,6.87,26.87,4,bersih
2023-06-25 13:48:41,7.36,26.94,4,bersih
2023-06-25 13:48:47,6.97,26.94,4,bersih
2023-06-25 13:48:53,7.06,26.94,4,bersih
2023-06-25 13:49:16,6.92,26.87,4,bersih
2023-06-25 13:49:22,6.92,26.87,4,bersih
2023-06-25 13:49:28,6.92,26.94,4,bersih
2023-06-25 13:49:51,6.87,26.87,4,bersih
2023-06-25 13:49:57,6.94,26.87,4,bersih
2023-06-25 13:50:02,6.92,26.87,4,bersih
2023-06-25 13:50:14,6.94,26.87,4,bersih
2023-06-25 13:50:20,6.89,26.87,4,bersih
2023-06-25 13:50:26,7.02,26.87,4,bersih
2023-06-25 13:50:31,6.96,26.87,4,bersih
2023-06-25 13:50:43,7.97,26.87,4,bersih
2023-06-25 13:50:55,7.02,26.87,4,bersih
2023-06-25 13:51:01,6.99,26.87,4,bersih
2023-06-25 13:51:12,7.07,26.87,4,bersih
2023-06-25 13:51:31,6.64,26.94,2,bersih
2023-06-25 13:51:38,6.46,26.87,2,bersih
2023-06-25 13:51:44,6.7,26.94,2,bersih
2023-06-25 13:52:01,6.93,26.87,2,bersih
2023-06-25 13:52:07,8.0,26.87,2,bersih
2023-06-25 13:52:13,6.73,26.94,2,bersih
2023-06-25 13:52:18,6.6,26.94,2,bersih
2023-06-25 13:52:24,6.64,26.87,2,bersih
2023-06-25 13:52:30,7.03,26.94,2,bersih
2023-06-25 13:52:36,6.58,26.94,2,bersih
2023-06-25 13:52:47,6.73,26.87,2,bersih
2023-06-25 13:52:53,6.57,26.87,2,bersih
2023-06-25 13:52:59,6.82,26.87,2,bersih
2023-06-25 13:53:05,6.65,26.87,2,bersih
2023-06-25 13:53:11,6.44,26.94,2,bersih
2023-06-25 13:53:16,6.58,26.94,2,bersih
2023-06-25 13:53:22,6.51,26.94,2,bersih
2023-06-25 13:53:28,6.57,26.87,2,bersih
2023-06-25 13:53:34,7.65,26.87,3,bersih
2023-06-25 13:53:39,7.31,26.87,3,bersih
2023-06-25 13:53:45,6.36,26.87,3,bersih
2023-06-25 13:53:51,6.39,26.87,3,bersih
2023-06-25 13:53:57,7.18,26.87,3,bersih
2023-06-25 13:54:02,6.65,26.87,3,bersih
2023-06-25 13:54:08,7.18,26.81,3,bersih
2023-06-25 13:54:14,6.57,26.87,3,bersih
2023-06-25 13:54:20,6.64,26.87,3,bersih
2023-06-25 13:54:26,6.52,26.87,3,bersih
2023-06-25 13:54:32,6.65,26.87,3,bersih
2023-06-25 13:54:38,6.57,26.81,3,bersih
2023-06-25 13:54:44,6.65,26.87,3,bersih
2023-06-25 13:54:50,6.61,26.87,3,bersih
2023-06-25 13:54:55,6.7,26.87,3,bersih
2023-06-25 13:55:01,6.67,26.87,3,bersih
2023-06-25 13:55:07,6.48,26.87,3,bersih
2023-06-25 13:55:13,6.64,26.87,3,bersih
2023-06-25 13:55:19,6.43,26.87,3,bersih
2023-06-25 13:55:25,6.52,26.87,3,bersih
2023-06-25 13:55:30,7.61,26.87,3,bersih
2023-06-25 13:55:36,7.14,26.87,3,bersih
2023-06-25 13:55:42,6.46,26.87,3,bersih
2023-06-25 13:55:48,7.58,26.87,3,bersih
2023-06-25 13:55:54,6.65,26.87,3,bersih
2023-06-25 13:55:59,6.63,26.87,3,bersih
2023-06-25 13:56:05,6.65,26.87,3,bersih
2023-06-25 13:56:11,6.54,26.87,3,bersih
2023-06-25 13:56:17,7.34,26.87,3,bersih
2023-06-25 13:56:22,6.7,26.87,3,bersih
2023-06-25 13:56:28,6.75,26.87,3,bersih
2023-06-25 13:56:34,6.68,26.87,3,bersih
2023-06-25 13:56:40,6.6,26.87,3,bersih
2023-06-25 13:56:46,6.71,26.87,3,bersih
2023-06-25 13:56:52,6.76,26.87,3,bersih
2023-06-25 13:56:58,6.8,26.87,3,bersih
2023-06-25 13:57:03,6.7,26.87,3,bersih
2023-06-25 13:57:09,7.83,26.87,3,bersih
2023-06-25 13:57:15,6.57,26.87,3,bersih
2023-06-25 13:57:21,6.77,26.87,3,bersih
2023-06-25 13:57:27,6.63,26.87,3,bersih
2023-06-25 13:57:33,6.77,26.87,3,bersih
2023-06-25 13:57:39,6.69,26.87,3,bersih
2023-06-25 13:57:45,6.7,26.87,3,bersih
2023-06-25 13:57:50,6.71,26.87,3,bersih
2023-06-25 13:57:56,6.64,26.87,3,bersih
2023-06-25 13:58:02,6.81,26.87,3,bersih
2023-06-25 13:58:08,6.81,26.87,3,bersih
2023-06-25 13:58:13,7.98,26.87,3,bersih
2023-06-25 13:58:19,7.8,26.87,3,bersih
2023-06-25 13:58:25,6.69,26.87,3,bersih
2023-06-25 13:58:31,6.59,26.87,3,bersih
2023-06-25 13:58:37,6.63,26.87,3,bersih
2023-06-25 13:58:42,6.53,26.87,3,bersih
2023-06-25 13:58:48,6.66,26.87,3,bersih
2023-06-25 13:58:54,6.68,26.87,3,bersih
2023-06-25 13:59:00,6.59,26.87,3,bersih
2023-06-25 13:59:06,6.67,26.87,3,bersih
2023-06-25 13:59:11,6.74,26.87,3,bersih
2023-06-25 13:59:17,6.57,26.87,3,bersih
2023-06-25 13:59:23,6.74,26.87,3,bersih
2023-06-25 13:59:28,6.77,26.87,3,bersih
2023-06-25 13:59:34,6.68,26.87,3,bersih
2023-06-25 13:59:40,6.92,26.87,4,bersih
2023-06-25 13:59:46,7.56,26.87,4,bersih
2023-06-25 13:59:52,6.78,26.87,4,bersih
2023-06-25 13:59:57,6.84,26.87,4,bersih
2023-06-25 14:00:09,6.92,26.87,4,bersih
2023-06-25 14:00:20,6.92,26.87,4,bersih
2023-06-25 14:00:26,6.92,26.87,4,bersih
2023-06-25 14:00:33,6.82,26.87,4,bersih
2023-06-25 14:00:38,6.99,26.87,4,bersih
2023-06-25 14:01:07,7.03,26.87,4,bersih
2023-06-25 14:01:13,7.02,26.87,4,bersih
2023-06-25 14:01:19,6.99,26.87,3,bersih
2023-06-25 14:01:25,7.93,26.87,4,bersih
2023-06-25 14:01:31,7.01,26.87,4,bersih
2023-06-25 14:01:36,6.74,26.87,4,bersih
2023-06-25 14:01:42,6.81,26.87,4,bersih
2023-06-25 14:01:48,6.81,26.81,4,bersih
2023-06-25 14:01:54,6.76,26.87,4,bersih
2023-06-25 14:02:00,6.92,26.87,4,bersih
2023-06-25 14:02:05,6.78,26.87,4,bersih
2023-06-25 14:02:17,6.86,26.87,4,bersih
2023-06-25 14:02:23,6.89,26.87,4,bersih
2023-06-25 14:02:29,6.96,26.87,4,bersih
2023-06-25 14:02:34,7.0,26.87,4,bersih
2023-06-25 14:02:40,6.81,26.87,4,bersih
2023-06-25 14:02:46,6.83,26.87,4,bersih
2023-06-25 14:02:52,7.81,26.87,4,bersih
2023-06-25 14:03:03,6.96,26.81,5,bersih
2023-06-25 14:03:09,6.93,26.87,5,bersih
2023-06-25 14:03:15,7.05,26.81,5,bersih
2023-06-25 14:03:21,6.93,26.87,5,bersih
2023-06-25 14:03:26,7.06,26.87,5,bersih
2023-06-25 14:03:33,6.92,26.87,5,bersih
2023-06-25 14:03:39,6.9,26.87,5,bersih
2023-06-25 14:03:45,7.52,26.81,5,bersih
2023-06-25 14:03:56,7.09,26.87,5,bersih
2023-06-25 14:04:08,6.97,26.87,5,bersih
2023-06-25 14:04:19,6.99,26.81,5,bersih
2023-06-25 14:04:31,6.77,26.87,5,bersih
2023-06-25 14:04:36,6.88,26.81,5,bersih
2023-06-25 14:04:42,6.74,26.87,5,bersih
2023-06-25 14:04:48,7.55,26.87,5,bersih
2023-06-25 14:04:54,6.74,26.87,3,bersih
2023-06-25 14:05:00,7.04,26.81,5,bersih
2023-06-25 14:05:05,6.92,26.87,5,bersih
2023-06-25 14:05:11,6.7,26.87,5,bersih
2023-06-25 14:05:22,6.68,26.87,5,bersih
2023-06-25 14:05:28,6.68,26.87,5,bersih
2023-06-25 14:05:34,6.82,26.87,3,bersih
2023-06-25 14:05:40,6.84,26.87,5,bersih
2023-06-25 14:05:45,6.66,26.87,5,bersih
2023-06-25 14:05:51,6.7,26.87,5,bersih
2023-06-25 14:05:57,6.77,26.81,5,bersih
2023-06-25 14:06:03,6.82,26.81,5,bersih
2023-06-25 14:06:08,6.92,26.81,5,bersih
2023-06-25 14:06:14,6.62,26.87,6,bersih
2023-06-25 14:06:20,6.91,26.87,6,bersih
2023-06-25 14:06:26,6.86,26.81,5,bersih
2023-06-25 14:06:31,7.37,26.81,5,bersih
2023-06-25 14:06:38,6.76,26.81,6,bersih
2023-06-25 14:07:02,6.92,26.81,6,bersih
2023-06-25 14:07:19,7.82,26.81,6,bersih
2023-06-25 14:07:30,7.07,26.81,6,bersih
2023-06-25 14:07:36,7.05,26.87,6,bersih
2023-06-25 14:07:42,7.02,26.87,6,bersih
2023-06-25 14:07:47,6.96,26.81,6,bersih
2023-06-25 14:07:53,6.91,26.81,6,bersih
2023-06-25 14:07:59,7.06,26.87,6,bersih
2023-06-25 14:08:22,7.03,26.81,6,bersih
2023-06-25 14:08:28,6.92,26.81,6,bersih
2023-06-25 14:08:33,7.07,26.81,6,bersih
2023-06-25 14:08:45,7.02,26.81,6,bersih
2023-06-25 14:08:51,6.92,26.81,6,bersih
2023-06-25 14:09:02,7.0,26.81,6,bersih
2023-06-25 14:09:08,6.99,26.81,6,bersih
2023-06-25 14:09:19,6.78,26.81,6,bersih
2023-06-25 14:09:25,6.82,26.87,6,bersih
2023-06-25 14:09:31,6.8,26.81,6,bersih
2023-06-25 14:09:43,6.77,26.81,5,bersih
2023-06-25 14:09:49,7.67,26.87,6,bersih
2023-06-25 14:09:55,6.67,26.81,6,bersih
2023-06-25 14:10:00,6.81,26.81,6,bersih
2023-06-25 14:10:06,6.76,26.81,6,bersih
2023-06-25 14:10:18,6.77,26.87,6,bersih
2023-06-25 14:10:23,7.98,26.87,6,bersih
2023-06-25 14:10:35,6.86,26.81,6,bersih
2023-06-25 14:10:41,7.45,26.81,5,bersih
2023-06-25 14:10:47,6.74,26.81,6,bersih
2023-06-25 14:11:01,6.65,26.87,6,bersih
2023-06-25 14:11:06,6.77,26.81,6,bersih
2023-06-25 14:11:12,6.6,26.87,6,bersih
2023-06-25 14:11:18,6.64,26.81,6,bersih
2023-06-25 14:11:24,6.6,26.87,6,bersih
2023-06-25 14:11:29,6.65,26.81,5,bersih
2023-06-25 14:11:35,6.68,26.87,6,bersih
2023-06-25 14:11:46,6.66,26.87,6,bersih
2023-06-25 14:11:52,7.45,26.81,6,bersih
2023-06-25 14:11:58,6.55,26.81,6,bersih
2023-06-25 14:12:04,6.54,26.81,6,bersih
2023-06-25 14:12:10,6.49,26.87,6,bersih
2023-06-25 14:12:15,6.59,26.87,6,bersih
2023-06-25 14:12:21,7.53,26.87,6,bersih
2023-06-25 14:12:27,7.18,26.87,6,bersih
2023-06-25 14:12:33,7.82,26.87,6,bersih
2023-06-25 14:12:39,7.66,26.87,6,bersih
2023-06-25 14:12:45,7.62,26.87,6,bersih
2023-06-25 14:12:51,7.92,26.87,6,bersih
2023-06-25 14:13:03,6.65,26.81,5,bersih
2023-06-25 14:13:14,6.65,26.87,5,bersih
2023-06-25 14:13:20,6.81,26.81,6,bersih
2023-06-25 14:13:26,6.64,26.81,5,bersih
2023-06-25 14:13:32,6.72,26.87,5,bersih
2023-06-25 14:13:43,6.73,26.87,5,bersih
2023-06-25 14:13:49,6.77,26.87,6,bersih
2023-06-25 14:13:55,6.64,26.81,6,bersih
2023-06-25 14:14:01,6.64,26.87,6,bersih
2023-06-25 14:14:12,6.68,26.81,5,bersih
2023-06-25 14:14:19,6.64,26.81,6,bersih
2023-06-25 14:14:25,6.68,26.81,5,bersih
2023-06-25 14:14:30,7.27,26.81,6,bersih
2023-06-25 14:14:42,6.63,26.87,6,bersih
2023-06-25 14:14:48,6.6,26.81,6,bersih
2023-06-25 14:14:54,6.53,26.87,6,bersih
2023-06-25 14:15:00,6.59,26.87,5,bersih
2023-06-25 14:15:05,6.89,26.81,5,bersih
2023-06-25 14:15:11,6.61,26.87,5,bersih
2023-06-25 14:15:18,6.71,26.81,5,bersih
2023-06-25 14:15:24,6.54,26.87,5,bersih
2023-06-25 14:15:30,6.63,26.81,5,bersih
2023-06-25 14:15:36,6.59,26.87,5,bersih
2023-06-25 14:15:41,6.65,26.81,5,bersih
2023-06-25 14:15:54,7.48,26.81,5,bersih
2023-06-25 14:16:00,7.05,26.81,6,bersih
2023-06-25 14:16:05,6.68,26.81,5,bersih
2023-06-25 14:16:11,6.65,26.87,6,bersih
2023-06-25 14:16:17,6.71,26.87,6,bersih
2023-06-25 14:16:23,6.61,26.81,5,bersih
2023-06-25 14:16:29,6.57,26.81,5,bersih
2023-06-25 14:16:35,6.56,26.81,5,bersih
2023-06-25 14:16:40,6.8,26.87,5,bersih
2023-06-25 14:16:58,7.67,26.87,5,bersih
2023-06-25 14:17:04,6.65,26.81,5,bersih
2023-06-25 14:17:09,6.67,26.81,5,bersih
2023-06-25 14:17:15,6.65,26.81,5,bersih
2023-06-25 14:17:21,6.7,26.81,5,bersih
2023-06-25 14:17:27,6.73,26.81,5,bersih
2023-06-25 14:17:32,6.74,26.87,5,bersih
2023-06-25 14:17:38,6.82,26.87,6,bersih
2023-06-25 14:17:50,6.74,26.81,6,bersih
2023-06-25 14:17:55,6.74,26.81,6,bersih
2023-06-25 14:18:01,6.73,26.81,6,bersih
2023-06-25 14:18:07,6.53,26.81,6,bersih
2023-06-25 14:18:13,6.63,26.87,6,bersih
2023-06-25 14:18:19,6.66,26.81,6,bersih
2023-06-25 14:18:24,6.63,26.87,6,bersih
2023-06-25 14:18:30,7.98,26.81,6,bersih
2023-06-25 14:18:36,7.82,26.81,6,bersih
2023-06-25 14:18:42,6.68,26.81,6,bersih
2023-06-25 14:18:54,7.69,26.87,6,bersih
2023-06-25 14:19:00,6.63,26.81,6,bersih
2023-06-25 14:19:05,6.59,26.81,6,bersih
2023-06-25 14:19:17,6.64,26.87,6,bersih
2023-06-25 14:19:23,6.69,26.87,6,bersih
2023-06-25 14:19:28,6.64,26.81,6,bersih
2023-06-25 14:19:34,7.98,26.81,6,bersih
2023-06-25 14:19:40,7.54,26.81,6,bersih
2023-06-25 14:19:46,6.66,26.87,6,bersih
2023-06-25 14:19:53,6.64,26.87,6,bersih
2023-06-25 14:19:58,6.78,26.87,6,bersih
2023-06-25 14:20:04,7.5,26.81,6,bersih
2023-06-25 14:20:10,6.65,26.87,6,bersih
2023-06-25 14:20:22,7.06,26.81,6,bersih
2023-06-25 14:20:28,6.65,26.81,6,bersih
2023-06-25 14:20:34,6.59,26.87,6,bersih
2023-06-25 14:20:39,7.45,26.87,6,bersih
2023-06-25 14:20:57,7.75,26.81,6,bersih
2023-06-25 14:21:02,6.73,26.81,6,bersih
2023-06-25 14:21:08,6.6,26.81,6,bersih
2023-06-25 14:21:14,6.5,26.87,6,bersih
2023-06-25 14:21:19,6.67,26.87,6,bersih
2023-06-25 14:21:25,6.63,26.87,6,bersih
2023-06-25 14:21:31,6.63,26.81,6,bersih
2023-06-25 14:21:43,6.53,26.81,6,bersih
2023-06-25 14:21:49,6.7,26.81,6,bersih
2023-06-25 14:22:00,6.64,26.81,6,bersih
2023-06-25 14:22:12,6.64,26.81,6,bersih
2023-06-25 14:22:23,6.73,26.81,6,bersih
2023-06-25 14:22:29,6.63,26.81,6,bersih
2023-06-25 14:22:35,6.6,26.81,6,bersih
2023-06-25 14:22:46,6.7,26.81,6,bersih
2023-06-25 14:22:58,7.98,26.81,6,bersih
2023-06-25 14:23:04,6.67,26.81,6,bersih
2023-06-25 14:23:10,6.78,26.81,6,bersih
2023-06-25 14:23:16,7.99,26.81,6,bersih
2023-06-25 14:23:21,7.93,26.87,6,bersih
2023-06-25 14:23:33,6.62,26.81,6,bersih
2023-06-25 14:23:50,6.57,26.81,6,bersih
2023-06-25 14:23:56,6.63,26.81,6,bersih
2023-06-25 14:24:02,6.71,26.87,6,bersih
2023-06-25 14:24:08,6.63,26.81,6,bersih
2023-06-25 14:24:20,6.64,26.81,6,bersih
2023-06-25 14:24:25,6.44,26.81,6,bersih
2023-06-25 14:24:31,7.53,26.81,6,bersih
2023-06-25 14:24:37,6.56,26.87,6,bersih
2023-06-25 14:24:43,7.93,26.87,6,bersih
2023-06-25 14:24:49,6.65,26.81,6,bersih
2023-06-25 14:24:55,6.66,26.87,6,bersih
2023-06-25 14:25:01,6.66,26.81,6,bersih
2023-06-25 14:25:07,6.79,26.81,5,bersih
2023-06-25 14:25:13,6.53,26.87,6,bersih
2023-06-25 14:25:18,6.53,26.81,6,bersih
2023-06-25 14:25:24,6.73,26.81,6,bersih
2023-06-25 14:25:36,6.65,26.81,6,bersih
2023-06-25 14:25:42,6.67,26.81,6,bersih
2023-06-25 14:25:47,6.66,26.81,6,bersih
2023-06-25 14:25:53,7.3,26.81,6,bersih
2023-06-25 14:26:05,6.78,26.81,6,bersih
2023-06-25 14:26:16,6.56,26.81,6,bersih
2023-06-25 14:26:22,6.5,26.81,6,bersih
2023-06-25 14:26:28,6.8,26.81,6,bersih
2023-06-25 14:26:40,7.42,26.81,6,bersih
2023-06-25 14:26:45,7.31,26.81,6,bersih
2023-06-25 14:26:51,6.74,26.81,6,bersih
2023-06-25 14:26:57,6.94,26.81,6,bersih
2023-06-25 14:27:03,6.79,26.81,6,bersih
2023-06-25 14:27:26,6.74,26.81,6,bersih
2023-06-25 14:27:31,6.63,26.81,6,bersih
2023-06-25 14:27:37,6.71,26.81,6,bersih
2023-06-25 14:27:43,6.71,26.81,5,bersih
2023-06-25 14:27:49,6.65,26.81,6,bersih
2023-06-25 14:27:55,6.67,26.81,6,bersih
2023-06-25 14:28:01,6.74,26.87,6,bersih
2023-06-25 14:28:07,6.56,26.81,6,bersih
2023-06-25 14:28:18,6.73,26.87,6,bersih
2023-06-25 14:28:30,6.68,26.81,6,bersih
2023-06-25 14:28:36,6.68,26.81,6,bersih
2023-06-25 14:28:41,6.77,26.81,6,bersih
2023-06-25 14:28:47,6.76,26.81,6,bersih
2023-06-25 14:28:59,7.74,26.81,6,bersih
2023-06-25 14:29:04,6.59,26.81,6,bersih
2023-06-25 14:29:10,6.65,26.81,6,bersih
2023-06-25 14:29:16,6.65,26.87,6,bersih
2023-06-25 14:29:22,6.63,26.81,6,bersih
2023-06-25 14:29:33,6.61,26.87,6,bersih
2023-06-25 14:29:39,6.82,26.87,6,bersih
2023-06-25 14:29:45,6.8,26.81,6,bersih
2023-06-25 14:29:51,7.77,26.81,6,bersih
2023-06-25 14:29:56,6.6,26.81,6,bersih
2023-06-25 14:30:02,7.69,26.81,6,bersih
2023-06-25 14:30:19,6.63,26.81,6,bersih
2023-06-25 14:30:25,6.75,26.81,6,bersih
2023-06-25 14:30:43,6.64,26.87,6,bersih
2023-06-25 14:30:49,6.8,26.81,6,bersih
2023-06-25 14:30:55,6.5,26.81,6,bersih
2023-06-25 14:31:01,6.57,26.81,6,bersih
2023-06-25 14:31:12,7.3,26.81,6,bersih
2023-06-25 14:31:18,6.74,26.81,6,bersih
2023-06-25 14:31:24,6.68,26.81,6,bersih
2023-06-25 14:31:29,6.53,26.81,6,bersih
2023-06-25 14:31:36,6.6,26.81,6,bersih
2023-06-25 14:31:41,6.68,26.81,6,bersih
2023-06-25 14:31:47,6.6,26.81,6,bersih
2023-06-25 14:31:53,7.5,26.81,6,bersih
2023-06-25 14:31:59,6.99,26.81,6,bersih
2023-06-25 14:32:05,6.58,26.87,6,bersih
2023-06-25 14:32:16,6.73,26.81,6,bersih
2023-06-25 14:32:28,7.11,26.81,6,bersih
2023-06-25 14:32:34,6.56,26.81,6,bersih
2023-06-25 14:32:39,6.69,26.81,6,bersih
2023-06-25 14:32:45,6.73,26.87,6,bersih
2023-06-25 14:32:51,7.58,26.81,6,bersih
2023-06-25 14:32:57,6.59,26.87,6,bersih
2023-06-25 14:33:02,6.56,26.81,6,bersih
2023-06-25 14:33:08,6.65,26.87,6,bersih
2023-06-25 14:33:31,6.63,26.81,6,bersih
2023-06-25 14:33:37,6.49,26.81,6,bersih
2023-06-25 14:33:43,6.64,26.81,6,bersih
2023-06-25 14:34:01,6.65,26.87,6,bersih
2023-06-25 14:34:06,6.57,26.81,6,bersih
2023-06-25 14:34:12,6.39,26.87,6,bersih
2023-06-25 14:34:18,6.77,26.81,6,bersih
2023-06-25 14:34:24,6.65,26.81,6,bersih
2023-06-25 14:34:30,6.74,26.81,6,bersih
2023-06-25 14:34:35,6.68,26.81,6,bersih
2023-06-25 14:34:41,6.68,26.87,6,bersih
2023-06-25 14:34:47,7.96,26.81,2,bersih
2023-06-25 14:34:53,6.7,26.87,5,bersih
2023-06-25 14:35:04,6.73,26.81,6,bersih
2023-06-25 14:35:10,6.63,26.81,6,bersih
2023-06-25 14:35:16,6.81,26.81,6,bersih
2023-06-25 14:35:33,6.76,26.87,6,bersih
2023-06-25 14:35:45,6.64,26.81,6,bersih
2023-06-25 14:35:51,6.77,26.81,6,bersih
2023-06-25 14:35:57,6.91,26.81,6,bersih
2023-06-25 14:36:02,6.73,26.81,6,bersih
2023-06-25 14:36:08,7.95,26.87,6,bersih
2023-06-25 14:36:14,6.44,26.81,2,bersih
2023-06-25 14:36:26,6.68,26.81,5,bersih
2023-06-25 14:36:31,6.67,26.81,5,bersih
2023-06-25 14:36:37,6.74,26.81,2,bersih
2023-06-25 14:37:01,6.79,26.81,6,bersih
2023-06-25 14:37:13,6.68,26.81,6,bersih
2023-06-25 14:37:18,6.63,26.81,2,bersih
2023-06-25 14:37:30,6.85,26.81,5,bersih
2023-06-25 14:37:41,6.86,26.81,5,bersih
2023-06-25 14:37:47,6.57,26.81,6,bersih
2023-06-25 14:37:59,6.66,26.81,2,bersih
2023-06-25 14:38:05,7.44,26.81,5,bersih
2023-06-25 14:38:16,6.77,26.81,2,bersih
2023-06-25 14:38:22,6.65,26.81,6,bersih
2023-06-25 14:38:28,7.18,26.81,6,bersih
2023-06-25 14:38:39,6.63,26.81,6,bersih
2023-06-25 14:38:45,6.67,26.81,6,bersih
2023-06-25 14:38:51,6.65,26.81,5,bersih
2023-06-25 14:38:57,6.8,26.81,6,bersih
2023-06-25 14:39:08,6.73,26.81,6,bersih
2023-06-25 14:39:14,6.65,26.81,6,bersih
2023-06-25 14:39:25,7.58,26.81,6,bersih
2023-06-25 14:39:31,6.77,26.81,6,bersih
2023-06-25 14:39:37,6.74,26.81,6,bersih
2023-06-25 14:39:49,6.79,26.81,6,bersih
2023-06-25 14:40:01,6.86,26.81,6,bersih
2023-06-25 14:40:07,6.73,26.81,6,bersih
2023-06-25 14:40:13,6.71,26.81,6,bersih
2023-06-25 14:40:19,6.81,26.81,6,bersih
2023-06-25 14:40:25,6.87,26.81,6,bersih
2023-06-25 14:40:43,6.68,26.81,6,bersih
2023-06-25 14:40:55,6.74,26.81,6,bersih
2023-06-25 14:41:00,6.63,26.81,6,bersih
2023-06-25 14:41:06,6.87,26.81,6,bersih
2023-06-25 14:41:23,6.64,26.81,6,bersih
2023-06-25 14:41:35,6.67,26.81,6,bersih
2023-06-25 14:41:59,6.73,26.81,6,bersih
2023-06-25 14:42:05,6.73,26.81,6,bersih
2023-06-25 14:42:10,7.27,26.81,6,bersih
2023-06-25 14:42:16,6.68,26.81,6,bersih
2023-06-25 14:42:28,7.69,26.81,6,bersih
2023-06-25 14:42:34,7.29,26.81,6,bersih
2023-06-25 14:42:40,6.73,26.81,6,bersih
2023-06-25 14:42:45,6.77,26.81,6,bersih
2023-06-25 14:42:51,6.73,26.81,6,bersih
2023-06-25 14:42:57,6.67,26.81,6,bersih
2023-06-25 14:43:04,6.74,26.81,6,bersih
2023-06-25 14:43:09,6.69,26.81,6,bersih
2023-06-25 14:43:15,6.74,26.81,6,bersih
2023-06-25 14:43:21,6.82,26.81,6,bersih
2023-06-25 14:43:27,7.66,26.81,6,bersih
2023-06-25 14:43:33,6.78,26.81,6,bersih
2023-06-25 14:44:07,6.74,26.81,6,bersih
2023-06-25 14:44:13,6.86,26.81,6,bersih
2023-06-25 14:44:19,6.65,26.81,6,bersih
2023-06-25 14:44:25,6.62,26.81,6,bersih
2023-06-25 14:44:31,7.84,26.81,6,bersih
2023-06-25 14:44:42,6.74,26.81,6,bersih
2023-06-25 14:44:48,6.69,26.81,6,bersih
2023-06-25 14:45:00,6.77,26.81,6,bersih
2023-06-25 14:45:06,7.21,26.81,6,bersih
2023-06-25 14:45:12,6.68,26.81,6,bersih
2023-06-25 14:45:17,7.1,26.81,6,bersih
2023-06-25 14:45:23,6.65,26.81,6,bersih
2023-06-25 14:45:29,6.83,26.81,6,bersih
2023-06-25 14:45:35,6.73,26.81,6,bersih
2023-06-25 14:45:41,6.81,26.81,6,bersih
2023-06-25 14:45:53,6.97,26.81,6,bersih
2023-06-25 14:45:58,6.89,26.81,6,bersih
2023-06-25 14:46:11,6.73,26.81,6,bersih
2023-06-25 14:46:17,6.75,26.81,6,bersih
2023-06-25 14:46:22,6.66,26.81,6,bersih
2023-06-25 14:46:30,6.87,26.81,6,bersih
2023-06-25 14:46:41,6.63,26.81,6,bersih
2023-06-25 14:46:53,6.79,26.81,6,bersih
2023-06-25 14:46:58,7.05,26.81,6,bersih
2023-06-25 14:47:04,6.82,26.81,6,bersih
2023-06-25 14:47:16,6.76,26.81,6,bersih
2023-06-25 14:47:22,6.87,26.81,6,bersih
2023-06-25 14:47:27,6.83,26.81,6,bersih
2023-06-25 14:47:33,6.82,26.81,6,bersih
2023-06-25 14:47:39,6.69,26.81,6,bersih
2023-06-25 14:47:50,6.69,26.81,6,bersih
2023-06-25 14:47:56,6.73,26.81,6,bersih
2023-06-25 14:48:14,6.56,26.81,3,bersih
2023-06-25 14:48:20,6.39,26.81,3,bersih
2023-06-25 14:48:26,6.43,26.81,3,bersih
2023-06-25 14:48:31,6.43,26.81,3,bersih
2023-06-25 14:48:37,6.5,26.81,3,bersih
2023-06-25 14:48:43,7.59,26.81,5,bersih
2023-06-25 14:48:49,6.47,26.81,3,bersih
2023-06-25 14:48:56,6.41,26.81,4,bersih
2023-06-25 14:49:02,6.56,26.81,3,bersih
2023-06-25 14:49:10,6.68,26.81,3,bersih
2023-06-25 14:49:15,6.68,26.81,6,bersih
2023-06-25 14:49:21,6.98,26.81,6,bersih
2023-06-25 14:49:27,6.74,26.81,6,bersih
2023-06-25 14:49:34,6.79,26.81,6,bersih
2023-06-25 14:49:39,6.8,26.81,6,bersih
2023-06-25 14:49:46,6.73,26.81,6,bersih
2023-06-25 14:49:52,6.71,26.81,6,bersih
2023-06-25 14:49:58,6.71,26.81,6,bersih
2023-06-25 14:50:09,7.23,26.81,6,bersih
2023-06-25 14:50:21,7.61,26.81,6,bersih
2023-06-25 14:50:40,6.79,26.81,6,bersih
2023-06-25 14:50:46,6.64,26.81,6,bersih
2023-06-25 14:50:52,6.53,26.81,6,bersih
2023-06-25 14:50:58,6.87,26.81,2,bersih
2023-06-25 14:51:03,6.39,26.81,3,bersih
2023-06-25 14:51:27,6.87,26.81,6,bersih
2023-06-25 14:51:33,6.86,26.81,6,bersih
2023-06-25 14:51:39,6.66,26.81,6,bersih
2023-06-25 14:51:45,6.76,26.81,6,bersih
2023-06-25 14:51:50,6.8,26.81,6,bersih
2023-06-25 14:51:56,7.65,26.81,6,bersih
2023-06-25 14:52:02,7.16,26.81,6,bersih
2023-06-25 14:52:09,6.7,26.81,6,bersih
2023-06-25 14:52:32,6.79,26.81,6,bersih
2023-06-25 14:52:44,8.0,26.81,6,bersih
2023-06-25 14:52:50,6.81,26.81,6,bersih
2023-06-25 14:52:56,6.69,26.81,6,bersih
2023-06-25 14:53:31,6.92,26.81,6,bersih
2023-06-25 14:53:42,6.79,26.81,6,bersih
2023-06-25 14:53:48,7.7,26.81,6,bersih
2023-06-25 14:53:54,7.45,26.81,6,bersih
2023-06-25 14:54:00,6.77,26.81,6,bersih
2023-06-25 14:54:06,6.87,26.81,6,bersih
2023-06-25 14:54:12,6.8,26.81,6,bersih
2023-06-25 14:54:18,6.87,26.81,6,bersih
2023-06-25 14:54:30,6.81,26.81,6,bersih
2023-06-25 14:54:36,6.77,26.81,6,bersih
2023-06-25 14:54:48,6.95,26.81,6,bersih
2023-06-25 14:54:54,7.89,26.81,6,bersih
2023-06-25 14:55:00,6.79,26.81,6,bersih
2023-06-25 14:55:06,8.0,26.81,6,bersih
2023-06-25 14:55:13,6.68,26.81,6,bersih
2023-06-25 14:55:18,6.64,26.81,6,bersih
2023-06-25 14:55:30,6.77,26.81,5,bersih
2023-06-25 14:55:42,6.91,26.81,5,bersih
2023-06-25 14:55:54,6.69,26.81,5,bersih
2023-06-25 14:56:05,6.65,26.81,5,bersih
2023-06-25 14:56:11,6.8,26.81,5,bersih
2023-06-25 14:56:17,6.82,26.81,5,bersih
2023-06-25 14:56:29,6.71,26.81,2,bersih
2023-06-25 14:56:35,6.97,26.81,5,bersih
2023-06-25 14:56:41,6.86,26.81,5,bersih
2023-06-25 14:56:47,6.92,26.81,5,bersih
2023-06-25 14:56:53,6.92,26.81,5,bersih
2023-06-25 14:56:58,6.82,26.81,5,bersih
2023-06-25 14:57:04,6.77,26.81,5,bersih
2023-06-25 14:57:28,6.92,26.81,5,bersih
2023-06-25 14:57:40,6.77,26.81,5,bersih
2023-06-25 14:57:46,7.37,26.81,5,bersih
2023-06-25 14:57:52,6.79,26.81,5,bersih
2023-06-25 14:58:04,6.89,26.81,5,bersih
2023-06-25 14:58:10,6.92,26.81,5,bersih
2023-06-25 14:58:17,6.84,26.81,5,bersih
2023-06-25 14:58:23,7.18,26.81,5,bersih
2023-06-25 14:58:30,6.63,26.81,5,bersih
2023-06-25 14:58:41,7.8,26.81,5,bersih
2023-06-25 14:58:53,7.64,26.81,2,bersih
2023-06-25 14:58:59,6.38,26.81,2,bersih
2023-06-25 14:59:05,7.8,26.81,2,bersih
2023-06-25 14:59:18,6.44,26.81,2,bersih
2023-06-25 14:59:30,6.61,26.81,2,bersih
2023-06-25 14:59:35,6.63,26.81,2,bersih
2023-06-25 14:59:41,7.71,26.81,2,bersih
2023-06-25 14:59:47,6.54,26.81,2,bersih
2023-06-25 14:59:53,7.16,26.81,2,bersih
2023-06-25 14:59:59,6.48,26.81,3,bersih
2023-06-25 15:00:05,6.43,26.81,2,bersih
2023-06-25 15:00:11,6.82,26.81,4,bersih
2023-06-25 15:00:17,6.73,26.81,5,bersih
2023-06-25 15:00:23,6.63,26.81,5,bersih
2023-06-25 15:00:29,6.9,26.81,5,bersih
2023-06-25 15:00:46,6.81,26.81,4,bersih
2023-06-25 15:00:52,6.92,26.81,5,bersih
2023-06-25 15:00:58,6.87,26.81,5,bersih
2023-06-25 15:01:28,6.87,26.81,4,bersih
2023-06-25 15:01:40,6.95,26.81,4,bersih
2023-06-25 15:01:46,6.97,26.81,4,bersih
2023-06-25 15:01:52,6.69,26.81,2,bersih
2023-06-25 15:01:57,7.45,26.81,4,bersih
2023-06-25 15:02:27,6.64,26.81,4,bersih
2023-06-25 15:02:33,6.65,26.81,2,bersih
2023-06-25 15:02:45,6.97,26.81,2,bersih
2023-06-25 15:02:51,7.33,26.81,2,bersih
2023-06-25 15:02:57,6.46,26.81,2,bersih
2023-06-25 15:03:09,6.42,26.81,3,bersih
2023-06-25 15:03:15,6.59,26.81,3,bersih
2023-06-25 15:03:21,6.39,26.81,3,bersih
2023-06-25 15:03:27,7.58,26.75,3,bersih
2023-06-25 15:03:45,6.41,26.81,3,bersih
2023-06-25 15:03:57,7.7,26.75,3,bersih
2023-06-25 15:04:03,6.39,26.81,3,bersih
2023-06-25 15:04:09,6.44,26.81,3,bersih
2023-06-25 15:04:15,6.34,26.81,3,bersih
2023-06-25 15:04:21,6.33,26.81,3,bersih
2023-06-25 15:04:28,6.34,26.81,3,bersih
2023-06-25 15:04:34,7.59,26.81,3,bersih
2023-06-25 15:04:58,6.56,26.81,3,bersih
2023-06-25 15:05:03,6.41,26.81,3,bersih
2023-06-25 15:05:15,7.11,26.81,3,bersih
2023-06-25 15:05:27,7.06,26.81,3,bersih
2023-06-25 15:05:33,7.74,26.75,3,bersih
2023-06-25 15:05:45,6.82,26.81,3,bersih
2023-06-25 15:05:51,6.39,26.81,3,bersih
2023-06-25 15:05:57,6.5,26.81,3,bersih
2023-06-25 15:06:31,6.44,26.81,3,bersih
2023-06-25 15:06:43,6.6,26.81,3,bersih
2023-06-25 15:06:49,6.48,26.81,3,bersih
2023-06-25 15:06:55,6.3,26.81,3,bersih
2023-06-25 15:07:00,6.53,26.81,2,bersih
2023-06-25 15:07:06,7.58,26.81,3,bersih
2023-06-25 15:07:12,6.46,26.81,3,bersih
2023-06-25 15:07:18,6.57,26.81,3,bersih
2023-06-25 15:07:31,6.5,26.81,3,bersih
2023-06-25 15:07:38,6.44,26.75,3,bersih
2023-06-25 15:07:44,6.43,26.81,3,bersih
2023-06-25 15:07:50,6.42,26.81,3,bersih
2023-06-25 15:07:55,6.39,26.81,3,bersih
2023-06-25 15:08:01,6.52,26.81,3,bersih
2023-06-25 15:08:07,6.53,26.81,3,bersih
2023-06-25 15:08:13,7.84,26.81,3,bersih
2023-06-25 15:08:19,6.43,26.75,3,bersih
2023-06-25 15:08:31,6.51,26.81,3,bersih
2023-06-25 15:08:37,6.4,26.81,3,bersih
2023-06-25 15:08:42,6.41,26.81,3,bersih
2023-06-25 15:08:48,6.96,26.81,3,bersih
2023-06-25 15:09:05,6.4,26.81,3,bersih
2023-06-25 15:09:11,6.79,26.81,3,bersih
2023-06-25 15:09:23,6.49,26.81,3,bersih
2023-06-25 15:09:28,6.53,26.81,3,bersih
2023-06-25 15:09:34,6.38,26.81,3,bersih
2023-06-25 15:09:46,6.52,26.75,3,bersih
2023-06-25 15:09:52,6.44,26.81,3,bersih
2023-06-25 15:10:04,6.61,26.81,2,bersih
2023-06-25 15:10:16,6.46,26.81,2,bersih
2023-06-25 15:10:21,6.48,26.81,2,bersih
2023-06-25 15:10:34,6.65,26.81,2,bersih
2023-06-25 15:10:40,6.46,26.81,2,bersih
2023-06-25 15:10:46,6.66,26.75,2,bersih
2023-06-25 15:10:58,6.44,26.81,3,bersih
2023-06-25 15:11:04,6.42,26.81,3,bersih
2023-06-25 15:11:09,6.37,26.81,3,bersih
2023-06-25 15:11:21,6.44,26.81,2,bersih
2023-06-25 15:11:27,6.56,26.81,3,bersih
2023-06-25 15:11:33,6.34,26.81,2,bersih
2023-06-25 15:11:45,6.52,26.81,3,bersih
2023-06-25 15:11:51,7.18,26.81,3,bersih
2023-06-25 15:11:57,6.5,26.81,2,bersih
2023-06-25 15:12:09,6.58,26.81,3,bersih
2023-06-25 15:12:21,6.41,26.81,2,bersih
2023-06-25 15:12:27,6.53,26.81,2,bersih
2023-06-25 15:12:39,6.39,26.81,2,bersih
2023-06-25 15:12:51,6.53,26.81,2,bersih
2023-06-25 15:12:56,6.56,26.81,2,bersih
2023-06-25 15:13:03,6.35,26.81,2,bersih
2023-06-25 15:13:09,6.52,26.81,2,bersih
2023-06-25 15:13:15,6.79,26.81,2,bersih
2023-06-25 15:13:21,6.33,26.81,2,bersih
2023-06-25 15:13:33,6.44,26.81,2,bersih
2023-06-25 15:13:39,6.5,26.81,2,bersih
2023-06-25 15:13:45,7.39,26.81,2,bersih
2023-06-25 15:14:03,6.41,26.81,2,bersih
2023-06-25 15:14:09,6.48,26.81,2,bersih
2023-06-25 15:14:15,6.31,26.81,2,bersih
2023-06-25 15:14:20,6.29,26.81,2,bersih
2023-06-25 15:14:27,6.43,26.81,2,bersih
2023-06-25 15:14:32,7.62,26.81,2,bersih
2023-06-25 15:14:44,7.92,26.81,2,bersih
2023-06-25 15:14:50,6.58,26.81,2,bersih
2023-06-25 15:14:56,6.49,26.81,3,bersih
2023-06-25 15:15:07,6.39,26.81,3,bersih
2023-06-25 15:15:13,6.92,26.81,3,bersih
2023-06-25 15:15:19,6.48,26.81,3,bersih
2023-06-25 15:15:25,6.44,26.81,3,bersih
2023-06-25 15:15:31,6.46,26.81,3,bersih
2023-06-25 15:15:36,6.39,26.81,3,bersih
2023-06-25 15:15:42,6.84,26.81,3,bersih
2023-06-25 15:15:48,6.51,26.81,3,bersih
2023-06-25 15:15:54,6.39,26.81,3,bersih
2023-06-25 15:15:59,6.39,26.81,2,bersih
2023-06-25 15:16:11,6.25,26.81,3,bersih
2023-06-25 15:16:17,7.72,26.81,3,bersih
2023-06-25 15:16:30,6.53,26.81,3,bersih
2023-06-25 15:16:36,6.9,26.81,2,bersih
2023-06-25 15:16:42,6.42,26.75,2,bersih
2023-06-25 15:16:48,6.39,26.81,2,bersih
2023-06-25 15:16:54,6.48,26.81,2,bersih
2023-06-25 15:16:59,6.48,26.81,2,bersih
2023-06-25 15:17:06,6.57,26.81,2,bersih
2023-06-25 15:17:41,6.29,26.81,3,bersih
2023-06-25 15:17:47,6.63,26.81,3,bersih
2023-06-25 15:17:53,6.36,26.81,2,bersih
2023-06-25 15:17:59,6.49,26.81,2,bersih
2023-06-25 15:18:05,6.52,26.81,2,bersih
2023-06-25 15:18:11,6.62,26.81,2,bersih
2023-06-25 15:19:21,6.69,26.81,2,bersih
2023-06-25 15:19:27,6.6,26.81,2,bersih
2023-06-25 15:19:32,6.59,26.81,2,bersih
2023-06-25 15:19:38,6.42,26.81,2,bersih
2023-06-25 15:19:45,6.44,26.81,2,bersih
2023-06-25 15:19:51,6.62,26.81,2,bersih
2023-06-25 15:19:56,6.53,26.81,2,bersih
2023-06-25 15:20:02,6.39,26.81,2,bersih
2023-06-25 15:20:14,6.58,26.81,2,bersih
2023-06-25 15:20:20,7.75,26.81,2,bersih
2023-06-25 15:20:26,7.74,26.75,2,bersih
2023-06-25 15:20:37,6.57,26.81,2,bersih
2023-06-25 15:20:49,7.19,26.81,2,bersih
2023-06-25 15:20:55,7.71,26.81,2,bersih
2023-06-25 15:21:07,6.97,26.81,2,bersih
2023-06-25 15:21:13,6.39,26.81,2,bersih
2023-06-25 15:21:30,6.96,26.81,2,bersih
2023-06-25 15:21:36,6.54,26.81,2,bersih
2023-06-25 15:21:42,6.65,26.81,2,bersih
2023-06-25 15:21:54,6.64,26.81,2,bersih
2023-06-25 15:22:05,6.8,26.81,2,bersih
2023-06-25 15:22:11,6.44,26.81,2,bersih
2023-06-25 15:22:17,7.98,26.81,2,bersih
2023-06-25 15:22:23,6.47,26.81,2,bersih
2023-06-25 15:22:34,6.48,26.81,2,bersih
2023-06-25 15:22:40,6.92,26.81,2,bersih
2023-06-25 15:22:48,6.73,26.81,2,bersih
2023-06-25 15:22:53,6.46,26.81,2,bersih
2023-06-25 15:22:59,6.47,26.81,2,bersih
2023-06-25 15:23:05,6.87,26.81,2,bersih
2023-06-25 15:23:11,6.63,26.81,2,bersih
2023-06-25 15:23:18,7.07,26.81,2,bersih
2023-06-25 15:23:23,6.75,26.81,2,bersih
2023-06-25 15:23:35,6.52,26.81,2,bersih
2023-06-25 15:24:06,6.86,26.81,2,bersih
2023-06-25 15:24:12,6.51,26.81,2,bersih
2023-06-25 15:24:35,7.04,26.81,2,bersih
2023-06-25 15:24:41,6.54,26.81,2,bersih
2023-06-25 15:24:47,6.9,26.81,2,bersih
2023-06-25 15:24:59,7.02,26.81,2,bersih
2023-06-25 15:25:16,6.43,26.81,2,bersih
2023-06-25 15:25:28,6.77,26.81,2,bersih
2023-06-25 15:25:34,6.91,26.81,1,bersih
2023-06-25 15:25:46,7.73,26.81,2,bersih
2023-06-25 15:25:58,6.65,26.81,2,bersih
2023-06-25 15:26:04,7.07,26.81,2,bersih
2023-06-25 15:26:22,7.04,26.81,2,bersih
2023-06-25 15:26:34,6.87,26.81,2,bersih
2023-06-25 15:26:45,7.45,26.81,1,bersih
2023-06-25 15:26:51,7.49,26.81,1,bersih
2023-06-25 15:26:57,7.01,26.81,2,bersih
2023-06-25 15:27:03,6.58,26.81,1,bersih
2023-06-25 15:27:09,7.18,26.81,2,bersih
2023-06-25 15:27:51,6.46,26.81,2,bersih
2023-06-25 15:27:56,6.57,26.81,1,bersih
2023-06-25 15:28:20,6.58,26.81,1,bersih
2023-06-25 15:28:32,7.63,26.81,1,bersih
2023-06-25 15:28:38,6.87,26.81,1,bersih
2023-06-25 15:28:44,6.56,26.81,1,bersih
2023-06-25 15:28:50,6.6,26.81,1,bersih
2023-06-25 15:28:57,7.73,26.81,1,bersih
2023-06-25 15:29:26,6.84,26.81,1,bersih
2023-06-25 15:29:38,7.18,26.81,1,bersih
2023-06-25 15:29:44,6.73,26.81,1,bersih
2023-06-25 15:29:50,6.91,26.81,1,bersih
2023-06-25 15:29:55,7.3,26.81,1,bersih
2023-06-25 15:30:01,7.06,26.81,1,bersih
2023-06-25 15:30:25,7.47,26.81,1,bersih
2023-06-25 15:30:42,6.92,26.81,1,bersih
2023-06-25 15:30:48,7.18,26.81,1,bersih
2023-06-25 15:31:00,6.56,26.81,1,bersih
2023-06-25 15:31:06,7.93,26.81,1,bersih
2023-06-25 15:31:12,7.29,26.81,1,bersih
2023-06-25 15:31:18,6.5,26.81,1,bersih
2023-06-25 15:31:24,6.89,26.81,1,bersih
2023-06-25 15:31:29,7.26,26.81,1,bersih
2023-06-25 15:31:35,7.2,26.81,1,bersih
2023-06-25 15:32:01,6.52,26.81,1,bersih
2023-06-25 15:32:06,7.2,26.81,1,bersih
2023-06-25 15:32:12,6.88,26.81,1,bersih
2023-06-25 15:32:18,6.97,26.81,1,bersih
2023-06-25 15:32:24,6.7,26.81,1,bersih
2023-06-25 15:32:30,6.83,26.81,1,bersih
2023-06-25 15:32:41,7.17,26.81,1,bersih
2023-06-25 15:32:47,6.63,26.81,1,bersih
2023-06-25 15:32:53,6.28,26.81,1,bersih
2023-06-25 15:33:28,7.74,26.81,1,bersih
2023-06-25 15:33:33,7.01,26.81,1,bersih
2023-06-25 15:33:39,7.64,26.81,1,bersih
2023-06-25 15:33:45,7.13,26.81,1,bersih
2023-06-25 15:33:51,7.15,26.81,1,bersih
2023-06-25 15:34:03,7.97,26.81,1,bersih
2023-06-25 15:34:21,7.74,26.81,1,bersih
2023-06-25 17:30:30,6.05,26.87,2,bersih
2023-06-25 17:30:36,6.04,26.87,2,bersih
2023-06-25 17:30:42,6.1,26.87,2,bersih
2023-06-25 17:30:48,6.87,26.94,2,bersih
2023-06-25 17:30:53,6.01,26.94,2,bersih
2023-06-25 17:30:59,6.86,26.94,2,bersih
2023-06-25 17:31:05,6.97,26.94,2,bersih
2023-06-25 17:31:11,6.24,26.94,2,bersih
2023-06-25 17:31:16,6.2,26.94,2,bersih
2023-06-25 17:31:22,6.83,26.94,2,bersih
2023-06-25 17:31:28,6.12,26.94,2,bersih
2023-06-25 17:31:34,6.1,26.94,2,bersih
2023-06-25 17:31:39,6.71,26.94,2,bersih
2023-06-25 17:31:45,6.1,26.94,2,bersih
2023-06-25 17:31:51,6.65,26.94,2,bersih
2023-06-25 17:31:57,6.25,26.94,2,bersih
2023-06-25 17:32:02,7.0,26.94,2,bersih
2023-06-25 17:32:14,6.8,26.94,2,bersih
2023-06-25 17:32:20,6.12,26.94,2,bersih
2023-06-25 17:32:26,6.03,26.94,2,bersih
2023-06-25 17:32:32,6.26,26.94,2,bersih
2023-06-25 17:32:37,6.2,26.94,2,bersih
2023-06-25 17:41:20,6.31,26.87,2,bersih
2023-06-25 17:41:25,6.65,26.87,2,bersih
2023-06-25 17:41:31,7.21,26.87,2,bersih
2023-06-25 17:41:37,6.58,26.87,2,bersih
2023-06-25 17:41:42,6.52,26.87,2,bersih
2023-06-25 17:41:48,6.49,26.87,2,bersih
2023-06-25 17:41:54,7.33,26.87,2,bersih
2023-06-25 17:42:00,6.53,26.87,2,bersih
2023-06-25 17:42:05,6.66,26.81,2,bersih
2023-06-25 17:42:11,6.41,26.87,2,bersih
2023-06-25 17:42:17,6.46,26.87,2,bersih
2023-06-25 17:42:23,7.05,26.87,2,bersih
2023-06-25 17:42:29,7.18,26.87,2,bersih
2023-06-25 17:42:35,6.97,26.87,2,bersih
2023-06-25 17:42:40,6.55,26.87,2,bersih
2023-06-25 17:42:46,7.15,26.87,2,bersih
2023-06-25 17:42:52,6.94,26.87,2,bersih
2023-06-25 17:42:58,6.53,26.81,2,bersih
2023-06-25 17:43:03,6.73,26.81,2,bersih
2023-06-25 17:43:15,6.44,26.81,2,bersih
2023-06-25 17:43:21,6.57,26.94,2,bersih
2023-06-25 17:43:27,6.42,27.19,2,bersih
2023-06-25 17:43:33,6.4,27.25,2,bersih
2023-06-25 17:43:39,6.74,27.25,2,bersih
2023-06-25 17:43:44,6.5,27.25,2,bersih
2023-06-25 17:43:51,6.49,27.19,2,bersih
2023-06-25 17:43:57,7.06,27.19,2,bersih
2023-06-25 17:44:02,6.49,27.19,2,bersih
2023-06-25 17:44:08,6.65,27.19,2,bersih
2023-06-25 17:44:14,6.48,27.13,2,bersih
2023-06-25 17:44:20,6.92,27.13,2,bersih
2023-06-25 17:44:37,7.83,27.13,2,bersih
2023-06-25 17:44:55,6.66,27.13,2,bersih
2023-06-25 17:45:38,6.66,27.13,2,bersih
2023-06-25 17:46:01,6.39,27.13,2,bersih
2023-06-25 17:46:58,6.53,27.06,2,bersih
2023-06-25 17:47:21,7.07,27.06,2,bersih
2023-06-25 17:47:44,6.14,27.06,2,bersih
2023-06-25 17:48:01,7.08,27.06,2,bersih
2023-06-25 17:48:12,7.3,27.06,2,bersih
2023-06-25 17:48:48,6.52,27.06,2,bersih
2023-06-25 17:49:05,6.86,27.0,2,bersih
2023-06-25 17:49:17,7.33,27.0,2,bersih
2023-06-25 17:49:23,6.07,27.06,2,bersih
2023-06-25 17:49:40,6.31,27.0,2,bersih
2023-06-25 17:50:03,6.41,27.0,2,bersih
2023-06-25 17:50:14,7.66,27.0,2,bersih
2023-06-25 17:50:37,7.17,27.0,2,bersih
2023-06-25 17:51:06,6.38,27.0,2,bersih
2023-06-25 17:55:44,7.54,26.87,1,bersih
2023-06-25 17:55:56,6.15,26.87,1,bersih
2023-06-25 17:56:37,7.05,26.87,1,bersih
2023-06-25 17:58:29,6.44,26.87,1,bersih
2023-06-25 17:58:35,6.2,26.87,1,bersih
2023-06-25 17:58:52,6.17,26.87,1,bersih
2023-06-25 17:58:58,7.14,26.87,1,bersih
2023-06-25 17:59:10,6.39,26.87,1,bersih
2023-06-25 17:59:21,6.39,26.87,1,bersih
2023-06-25 17:59:33,6.0,26.87,1,bersih
2023-06-25 17:59:44,7.95,26.87,1,bersih
2023-06-25 17:59:56,6.04,26.87,1,bersih
2023-06-25 18:00:07,6.58,26.87,1,bersih
2023-06-25 18:00:19,7.04,26.87,1,bersih
2023-06-25 18:00:24,7.19,26.87,1,bersih
2023-06-25 18:00:30,6.03,26.87,1,bersih
2023-06-25 18:00:36,7.42,26.87,1,bersih
2023-06-25 18:00:42,6.44,26.87,1,bersih
2023-06-25 18:01:10,6.39,26.87,1,bersih
2023-06-25 18:01:16,6.94,26.87,1,bersih
2023-06-25 18:01:28,6.23,26.87,1,bersih
2023-06-25 18:01:46,7.81,26.87,1,bersih
2023-06-25 18:01:51,6.15,26.87,1,bersih
2023-06-25 18:01:57,6.8,26.87,1,bersih
2023-06-25 18:02:09,7.99,26.87,1,bersih
2023-06-11 11:27:42,6.4,25.12,1,keruh
2023-06-11 12:59:09,8.12,25.75,1,keruh
2023-06-11 12:59:15,7.35,25.69,2,keruh
2023-06-11 12:59:21,6.99,25.75,2,keruh
2023-06-11 12:59:26,7.79,25.69,1,keruh
2023-06-11 12:59:32,8.24,25.75,2,keruh
2023-06-17 14:26:54,6.39,26.0,0,keruh
2023-06-17 14:27:23,6.01,26.0,0,keruh
2023-06-17 14:39:36,6.0,25.94,0,keruh
2023-06-17 14:39:53,6.23,25.94,0,keruh
2023-06-17 14:40:00,6.0,25.94,0,keruh
2023-06-17 14:40:23,6.16,25.94,0,keruh
2023-06-17 14:40:29,6.26,25.94,0,keruh
2023-06-17 14:40:35,6.34,25.94,0,keruh
2023-06-17 14:40:41,6.24,25.94,0,keruh
2023-06-17 14:40:46,6.24,25.94,0,keruh
2023-06-17 14:40:52,6.35,25.94,0,keruh
2023-06-17 14:40:58,6.38,25.94,0,keruh
2023-06-17 14:41:04,6.51,25.94,0,keruh
2023-06-17 14:41:10,6.29,25.94,0,keruh
2023-06-17 14:41:15,6.39,25.94,0,keruh
2023-06-17 14:41:21,6.46,25.94,0,keruh
2023-06-17 14:41:27,6.49,25.94,0,keruh
2023-06-17 14:41:33,6.37,25.94,0,keruh
2023-06-17 14:41:39,6.37,25.94,0,keruh
2023-06-17 14:41:45,6.44,25.94,0,keruh
2023-06-17 14:41:51,6.52,25.94,0,keruh
2023-06-17 14:41:57,6.56,25.94,0,keruh
2023-06-17 14:42:03,6.51,25.94,0,keruh
2023-06-17 14:42:09,6.62,25.94,0,keruh
2023-06-17 14:42:16,6.54,25.94,0,keruh
2023-06-17 14:42:21,6.5,25.94,0,keruh
2023-06-17 14:42:27,6.56,25.94,0,keruh
2023-06-17 14:42:33,6.5,25.94,0,keruh
2023-06-17 14:42:39,6.56,25.94,0,keruh
2023-06-17 14:42:45,6.39,25.94,0,keruh
2023-06-17 14:42:51,6.52,25.94,0,keruh
2023-06-17 14:42:57,6.52,25.94,0,keruh
2023-06-17 14:43:03,6.48,25.94,0,keruh
2023-06-17 14:43:09,6.5,25.94,0,keruh
2023-06-17 14:43:15,6.54,25.94,0,keruh
2023-06-17 14:43:20,6.53,25.94,0,keruh
2023-06-17 14:43:27,6.49,25.94,0,keruh
2023-06-17 14:43:32,6.43,25.94,0,keruh
2023-06-17 14:43:38,6.48,25.94,0,keruh
2023-06-17 14:43:45,6.53,25.94,0,keruh
2023-06-17 14:43:50,6.46,25.94,0,keruh
2023-06-17 14:43:56,6.62,25.94,0,keruh
2023-06-17 14:44:02,6.46,25.94,0,keruh
2023-06-17 14:44:08,6.53,25.94,0,keruh
2023-06-17 14:44:14,6.43,25.94,0,keruh
2023-06-17 14:44:20,6.37,25.94,0,keruh
2023-06-17 14:44:25,6.47,25.94,0,keruh
2023-06-17 14:44:31,6.52,25.94,0,keruh
2023-06-17 14:44:37,6.39,25.94,0,keruh
2023-06-17 14:44:43,6.52,25.94,0,keruh
2023-06-17 14:44:49,6.52,25.94,0,keruh
2023-06-17 14:44:55,6.52,25.94,0,keruh
2023-06-17 14:45:01,6.47,25.94,0,keruh
2023-06-17 14:45:07,6.39,25.94,0,keruh
2023-06-17 14:45:12,6.52,25.94,0,keruh
2023-06-17 14:45:19,6.43,25.94,0,keruh
2023-06-17 14:45:25,6.39,25.94,0,keruh
2023-06-17 14:45:31,6.44,25.94,0,keruh
2023-06-17 14:45:37,6.39,25.94,0,keruh
2023-06-17 14:45:42,6.38,25.94,0,keruh
2023-06-17 14:45:48,6.5,25.94,0,keruh
2023-06-17 14:45:54,6.44,25.94,0,keruh
2023-06-17 14:46:00,6.49,25.94,0,keruh
2023-06-17 14:46:06,6.4,25.94,0,keruh
2023-06-17 14:46:11,6.44,25.94,0,keruh
2023-06-17 14:46:17,6.39,25.94,0,keruh
2023-06-17 14:46:23,6.39,25.94,0,keruh
2023-06-17 14:46:29,6.37,25.94,0,keruh
2023-06-17 14:46:35,6.36,25.94,0,keruh
2023-06-17 14:46:41,6.37,25.94,0,keruh
2023-06-17 14:46:47,6.39,25.94,0,keruh
2023-06-17 14:46:52,6.26,25.94,0,keruh
2023-06-17 14:46:58,6.39,25.94,0,keruh
2023-06-17 14:47:04,6.3,25.94,0,keruh
2023-06-17 14:47:10,6.3,25.94,0,keruh
2023-06-17 14:47:16,6.39,25.94,0,keruh
2023-06-17 14:47:22,6.28,25.94,0,keruh
2023-06-17 14:47:28,6.3,26.0,0,keruh
2023-06-17 14:47:33,6.34,25.94,0,keruh
2023-06-17 14:47:39,6.21,25.94,0,keruh
2023-06-17 14:47:45,6.33,25.94,0,keruh
2023-06-17 14:47:51,6.23,25.94,0,keruh
2023-06-17 14:47:57,6.38,25.94,0,keruh
2023-06-17 14:44:31,6.52,25.94,0,keruh
2023-06-17 14:44:37,6.39,25.94,0,keruh
2023-06-17 14:44:43,6.52,25.94,0,keruh
2023-06-17 14:44:49,6.52,25.94,0,keruh
2023-06-17 14:44:55,6.52,25.94,0,keruh
2023-06-17 14:45:01,6.47,25.94,0,keruh
2023-06-17 14:45:07,6.39,25.94,0,keruh
2023-06-17 14:45:12,6.52,25.94,0,keruh
2023-06-17 14:45:19,6.43,25.94,0,keruh
2023-06-17 14:45:25,6.39,25.94,0,keruh
2023-06-17 14:45:31,6.44,25.94,0,keruh
2023-06-17 14:45:37,6.39,25.94,0,keruh
2023-06-17 14:45:42,6.38,25.94,0,keruh
2023-06-17 14:45:48,6.5,25.94,0,keruh
2023-06-17 14:45:54,6.44,25.94,0,keruh
2023-06-17 14:46:00,6.49,25.94,0,keruh
2023-06-17 14:46:06,6.4,25.94,0,keruh
2023-06-17 14:46:11,6.44,25.94,0,keruh
2023-06-17 14:46:17,6.39,25.94,0,keruh
2023-06-17 14:46:23,6.39,25.94,0,keruh
2023-06-17 14:46:29,6.37,25.94,0,keruh
2023-06-17 14:46:35,6.36,25.94,0,keruh
2023-06-17 14:46:41,6.37,25.94,0,keruh
2023-06-17 14:46:47,6.39,25.94,0,keruh
2023-06-17 14:46:52,6.26,25.94,0,keruh
2023-06-17 14:46:58,6.39,25.94,0,keruh
2023-06-17 14:47:04,6.3,25.94,0,keruh
2023-06-17 14:47:10,6.3,25.94,0,keruh
2023-06-17 14:47:16,6.39,25.94,0,keruh
2023-06-17 14:47:22,6.28,25.94,0,keruh
2023-06-17 14:47:28,6.3,26.0,0,keruh
2023-06-17 14:47:33,6.34,25.94,0,keruh
2023-06-17 14:47:39,6.21,25.94,0,keruh
2023-06-17 14:47:45,6.33,25.94,0,keruh
2023-06-17 14:47:51,6.23,25.94,0,keruh
2023-06-17 14:47:57,6.38,25.94,0,keruh
2023-06-17 14:48:03,6.31,25.94,0,keruh
2023-06-17 14:48:09,6.28,25.94,0,keruh
2023-06-17 14:48:14,6.32,25.94,0,keruh
2023-06-17 14:48:22,6.21,25.94,0,keruh
2023-06-17 14:48:28,6.2,25.94,0,keruh
2023-06-17 14:48:33,6.2,25.94,0,keruh
2023-06-17 14:48:39,6.29,25.94,0,keruh
2023-06-17 14:48:45,6.18,25.94,0,keruh
2023-06-17 14:48:51,6.24,25.94,0,keruh
2023-06-17 14:48:57,6.19,25.94,0,keruh
2023-06-17 14:49:03,6.25,25.94,0,keruh
2023-06-17 14:49:09,6.2,25.94,0,keruh
2023-06-17 14:49:15,6.18,25.94,0,keruh
2023-06-17 14:49:21,6.17,25.94,0,keruh
2023-06-17 14:49:27,6.22,25.94,0,keruh
2023-06-17 14:49:33,6.22,25.94,0,keruh
2023-06-17 14:49:39,6.2,25.94,0,keruh
2023-06-17 14:49:45,6.12,25.94,0,keruh
2023-06-17 14:49:50,6.2,25.94,0,keruh
2023-06-17 14:49:56,6.16,25.94,0,keruh
2023-06-17 14:50:02,6.2,25.94,0,keruh
2023-06-17 14:50:09,6.16,25.94,0,keruh
2023-06-17 14:50:14,6.17,25.94,0,keruh
2023-06-17 14:50:20,6.15,25.94,0,keruh
2023-06-17 14:50:26,6.15,25.94,0,keruh
2023-06-17 14:50:32,6.12,25.94,0,keruh
2023-06-17 14:50:38,6.16,25.94,0,keruh
2023-06-17 14:50:45,6.2,25.94,0,keruh
2023-06-17 14:50:50,6.2,25.94,0,keruh
2023-06-17 14:50:56,6.17,25.94,0,keruh
2023-06-17 14:51:02,6.2,25.94,0,keruh
2023-06-17 14:51:08,6.2,25.94,0,keruh
2023-06-17 14:51:14,6.25,25.94,0,keruh
2023-06-17 14:51:20,6.3,25.94,0,keruh
2023-06-17 14:51:26,6.38,25.94,0,keruh
2023-06-17 14:51:32,6.36,25.94,0,keruh
2023-06-17 14:51:37,6.39,25.94,0,keruh
2023-06-17 14:51:43,6.19,25.94,0,keruh
2023-06-17 14:51:49,6.39,25.94,0,keruh
2023-06-17 14:51:55,6.27,25.94,0,keruh
2023-06-17 14:52:01,6.24,25.94,0,keruh
2023-06-17 14:52:07,6.26,25.94,0,keruh
2023-06-17 14:52:13,6.25,25.94,0,keruh
2023-06-17 14:52:19,6.39,25.94,0,keruh
2023-06-17 14:52:25,6.39,25.94,0,keruh
2023-06-17 14:52:31,6.31,25.94,0,keruh
2023-06-17 14:52:37,6.3,25.94,0,keruh
2023-06-17 14:52:43,6.24,25.94,0,keruh
2023-06-17 14:52:49,6.13,25.94,0,keruh
2023-06-17 14:52:54,6.29,25.94,0,keruh
2023-06-17 14:53:00,6.39,25.88,0,keruh
2023-06-17 14:53:06,6.29,25.94,0,keruh
2023-06-17 14:53:12,6.25,25.94,0,keruh
2023-06-17 14:53:18,6.24,25.94,0,keruh
2023-06-17 14:53:24,6.37,25.88,0,keruh
2023-06-17 14:53:30,6.27,25.94,0,keruh
2023-06-17 14:53:36,6.2,25.94,0,keruh
2023-06-17 14:53:42,6.28,25.94,0,keruh
2023-06-17 14:53:48,6.23,25.94,0,keruh
2023-06-17 14:53:54,6.2,25.94,0,keruh
2023-06-17 14:54:00,6.37,25.94,0,keruh
2023-06-17 14:54:06,6.25,25.94,0,keruh
2023-06-17 14:54:11,6.38,25.94,0,keruh
2023-06-17 14:54:17,6.26,25.94,0,keruh
2023-06-17 14:54:23,6.28,25.94,0,keruh
2023-06-17 14:54:30,6.33,25.94,0,keruh
2023-06-17 14:54:35,6.2,25.94,0,keruh
2023-06-17 14:54:41,6.29,25.94,0,keruh
2023-06-17 14:54:47,6.36,25.94,0,keruh
2023-06-17 14:54:53,6.29,25.94,0,keruh
2023-06-17 14:54:59,6.39,25.94,0,keruh
2023-06-17 14:55:05,6.41,25.88,0,keruh
2023-06-17 14:55:11,6.29,25.94,0,keruh
2023-06-17 14:55:17,6.39,25.94,0,keruh
2023-06-17 14:55:23,6.24,25.94,0,keruh
2023-06-17 14:55:29,6.34,25.94,0,keruh
2023-06-17 14:55:34,6.31,25.94,0,keruh
2023-06-17 14:55:40,6.36,25.94,0,keruh
2023-06-17 14:55:46,6.31,25.94,0,keruh
2023-06-17 14:55:52,6.27,25.94,0,keruh
2023-06-17 14:55:58,6.34,25.94,0,keruh
2023-06-17 14:56:04,6.24,25.88,0,keruh
2023-06-17 14:56:10,6.18,25.94,0,keruh
2023-06-17 14:56:16,6.28,25.94,0,keruh
2023-06-17 14:56:22,6.27,25.94,0,keruh
2023-06-17 14:56:28,6.35,25.94,0,keruh
2023-06-17 14:56:34,6.31,25.94,0,keruh
2023-06-17 14:56:40,6.31,25.94,0,keruh
2023-06-17 14:56:46,6.39,25.94,0,keruh
2023-06-17 14:56:52,6.34,25.94,0,keruh
2023-06-17 14:56:58,6.35,25.94,0,keruh
2023-06-17 14:57:03,6.25,25.88,0,keruh
2023-06-17 14:57:09,6.2,25.94,0,keruh
2023-06-17 14:57:15,6.24,25.94,0,keruh
2023-06-17 14:57:21,6.33,25.94,0,keruh
2023-06-17 14:57:27,6.2,25.88,0,keruh
2023-06-17 14:57:34,6.34,25.94,0,keruh
2023-06-17 14:57:39,6.36,25.94,0,keruh
2023-06-17 14:57:45,6.3,25.94,0,keruh
2023-06-17 14:57:51,6.17,25.88,0,keruh
2023-06-17 14:57:57,6.36,25.94,0,keruh
2023-06-17 14:58:02,6.39,25.94,0,keruh
2023-06-17 14:58:08,6.4,25.94,0,keruh
2023-06-17 14:58:14,6.37,25.88,0,keruh
2023-06-17 14:58:20,6.26,25.88,0,keruh
2023-06-17 14:58:26,6.4,25.94,0,keruh
2023-06-17 14:58:31,6.34,25.88,0,keruh
2023-06-17 14:58:38,6.44,25.94,0,keruh
2023-06-17 14:58:44,6.34,25.94,0,keruh
2023-06-17 14:58:50,6.33,25.94,0,keruh
2023-06-17 14:58:56,6.33,25.94,0,keruh
2023-06-17 14:59:02,6.16,25.94,0,keruh
2023-06-17 14:59:07,6.26,25.94,0,keruh
2023-06-17 14:59:13,6.32,25.94,0,keruh
2023-06-17 14:59:19,6.26,25.94,0,keruh
2023-06-17 14:59:25,6.34,25.94,0,keruh
2023-06-17 14:59:31,6.31,25.94,0,keruh
2023-06-17 14:59:36,6.2,25.94,0,keruh
2023-06-17 19:17:12,6.04,24.87,2,keruh
2023-06-17 19:21:12,7.45,24.87,2,keruh
2023-06-10 13:43:34,6.0,26.06,5,bersih
2023-06-10 09:30:59,6.03,24.63,6,bersih
2023-06-08 22:21:38,6.02,25.88,6,bersih
2023-06-11 12:23:49,6.92,25.56,4,bersih
2023-06-10 05:56:18,6.0,24.5,5,bersih
2023-06-10 09:26:25,6.04,24.56,6,bersih
2023-06-10 09:45:11,6.0,24.69,6,bersih
2023-06-10 05:43:26,6.0,24.56,6,bersih
2023-06-10 13:13:33,6.01,25.94,6,bersih
2023-06-10 11:55:00,6.01,25.5,6,bersih
2023-06-11 14:27:55,8.77,26.19,5,bersih
2023-06-10 10:07:33,6.0,24.81,6,bersih
2023-06-10 07:32:52,6.08,24.31,6,bersih
2023-06-10 14:29:19,6.04,26.31,5,bersih
2023-06-10 14:45:01,6.06,26.44,5,bersih
2023-06-10 07:31:21,6.06,24.31,6,bersih
2023-06-10 06:56:01,6.07,24.37,6,bersih
2023-06-10 06:42:58,6.07,24.37,6,bersih
2023-06-10 08:26:53,6.0,24.37,6,bersih
2023-06-10 12:51:05,6.03,25.81,6,bersih
2023-06-10 05:37:43,6.01,24.56,5,bersih
2023-06-10 06:37:34,6.05,24.37,6,bersih
2023-06-10 15:09:08,6.03,26.5,5,bersih
2023-06-09 00:29:08,6.11,25.12,6,bersih
2023-06-11 13:50:01,7.58,26.0,5,bersih
2023-06-10 14:47:04,6.1,26.44,5,bersih
2023-06-10 06:38:36,6.03,24.37,5,bersih
2023-06-10 07:21:49,6.12,24.31,6,bersih
2023-06-10 09:04:53,6.0,24.5,6,bersih
2023-06-10 07:00:29,6.06,24.37,6,bersih
2023-06-10 15:05:13,6.0,26.5,5,bersih
2023-06-09 00:33:42,6.3,25.12,6,bersih
2023-06-10 09:20:36,6.05,24.56,6,bersih
2023-06-08 23:28:28,6.1,25.56,6,bersih
2023-06-11 16:23:53,8.4,26.56,5,bersih
2023-06-10 06:04:24,6.0,24.5,6,bersih
2023-06-10 07:40:06,6.12,24.31,6,bersih
2023-06-10 13:20:48,6.02,25.94,6,bersih
2023-06-10 14:23:31,6.04,26.31,5,bersih
2023-06-10 14:27:07,6.11,26.31,5,bersih
2023-06-10 10:42:49,6.0,25.0,6,bersih
2023-06-10 09:45:45,6.0,24.69,6,bersih
2023-06-10 05:00:01,6.0,24.75,6,bersih
2023-06-11 13:52:42,8.82,26.06,5,bersih
2023-06-10 13:28:59,6.08,26.0,6,bersih
2023-06-10 08:24:07,6.0,24.37,6,bersih
2023-06-10 07:46:23,6.11,24.31,6,bersih
2023-06-09 00:37:08,6.39,25.12,6,bersih
2023-06-10 13:52:19,6.11,26.12,5,bersih
2023-06-10 09:47:29,6.0,24.69,6,bersih
2023-06-10 16:18:35,6.07,26.69,5,bersih
2023-06-10 14:23:37,6.1,26.31,5,bersih
2023-06-11 14:16:19,8.24,26.19,5,bersih
2023-06-10 06:47:27,6.1,24.37,6,bersih
2023-06-10 08:51:44,6.07,24.44,6,bersih
2023-06-10 13:43:11,6.05,26.12,6,bersih
2023-06-10 14:50:09,6.12,26.44,5,bersih
2023-06-09 00:29:48,6.07,25.19,6,bersih
2023-06-10 13:52:48,6.13,26.19,6,bersih
2023-06-10 12:48:12,6.06,25.75,5,bersih
2023-06-10 13:03:34,6.05,25.88,5,bersih
2023-06-10 10:37:29,6.06,25.0,6,bersih
2023-06-11 13:53:23,7.74,26.0,5,bersih
2023-06-10 14:29:07,6.0,26.37,5,bersih
2023-06-10 13:50:48,6.08,26.12,6,bersih
2023-06-10 09:21:33,6.03,24.56,6,bersih
2023-06-08 23:33:26,6.65,25.5,6,bersih
2023-06-10 14:32:10,6.0,26.37,5,bersih
2023-06-10 12:32:19,6.01,25.69,6,bersih
2023-06-10 09:02:13,6.0,24.5,6,bersih
2023-06-10 13:52:19,6.11,26.12,5,bersih
2023-06-10 14:48:02,6.06,26.44,5,bersih
2023-06-10 11:44:39,6.0,25.37,6,bersih
2023-06-09 13:05:58,6.18,26.12,6,bersih
2023-06-10 08:06:53,6.06,24.31,6,bersih
2023-06-10 07:27:26,6.1,24.25,6,bersih
2023-06-10 12:49:39,6.06,25.81,5,bersih
2023-06-10 06:13:21,6.07,24.44,6,bersih
2023-06-10 07:02:58,6.12,24.31,6,bersih
2023-06-10 07:54:59,6.03,24.31,6,bersih
2023-06-10 09:05:56,6.1,24.5,6,bersih
2023-06-10 12:38:56,6.01,25.69,6,bersih
2023-06-10 12:43:19,6.04,25.75,5,bersih
2023-06-10 08:04:02,6.1,24.31,6,bersih
2023-06-10 14:53:58,6.1,26.44,5,bersih
2023-06-10 15:42:00,6.11,26.62,5,bersih
2023-06-08 22:03:32,6.16,26.0,6,bersih
2023-06-10 13:09:22,6.01,25.88,5,bersih
2023-06-09 00:31:19,6.1,25.12,6,bersih
2023-06-10 06:33:39,6.06,24.37,5,bersih
2023-06-10 08:50:30,6.06,24.44,6,bersih
2023-06-10 13:18:08,6.0,25.94,6,bersih
2023-06-10 07:45:32,6.1,24.31,6,bersih
2023-06-10 10:22:55,6.02,24.87,6,bersih
2023-06-10 07:32:00,6.13,24.31,6,bersih
2023-06-10 09:21:04,6.08,24.56,6,bersih
2023-06-10 14:37:36,6.0,26.37,5,bersih
2023-06-10 12:39:53,6.08,25.69,5,bersih
2023-06-09 00:31:25,6.12,25.12,6,bersih
2023-06-10 13:06:19,6.03,25.88,5,bersih
2023-06-10 13:43:51,6.1,26.06,6,bersih
2023-06-10 16:21:43,6.12,26.69,5,bersih
2023-06-10 14:12:20,6.01,26.25,5,bersih
2023-06-10 13:10:08,6.03,25.88,6,bersih
2023-06-11 12:27:43,7.66,25.56,4,bersih
2023-06-10 15:29:08,6.08,26.56,5,bersih
2023-06-10 06:09:27,6.09,24.5,6,bersih
2023-06-10 12:57:56,6.05,25.81,6,bersih
2023-06-10 06:52:29,6.0,24.37,6,bersih
2023-06-10 08:49:44,6.1,24.44,6,bersih
2023-06-10 13:12:19,6.02,25.94,6,bersih
2023-06-10 14:22:11,6.01,26.31,5,bersih
2023-06-10 14:12:43,6.09,26.25,5,bersih
2023-06-10 13:17:10,6.04,25.94,5,bersih
2023-06-10 05:17:44,6.0,24.63,6,bersih
2023-06-10 13:30:08,6.07,26.0,6,bersih
2023-06-10 12:46:57,6.1,25.75,5,bersih
2023-06-10 08:29:27,6.06,24.37,6,bersih
2023-06-10 07:49:33,6.02,24.31,6,bersih
2023-06-09 00:33:07,6.26,25.12,6,bersih
2023-06-08 23:50:56,6.04,25.37,6,bersih
2023-06-10 08:38:36,6.07,24.37,6,bersih
2023-06-10 10:01:03,6.08,24.75,6,bersih
2023-06-11 13:47:32,8.92,26.0,5,bersih
2023-06-10 07:07:49,6.1,24.31,6,bersih
2023-06-08 23:27:20,7.05,25.5,6,bersih
2023-06-11 14:17:40,8.47,26.12,5,bersih
2023-06-10 14:36:39,6.06,26.37,5,bersih
2023-06-10 06:09:27,6.09,24.5,6,bersih
2023-06-10 13:59:45,6.08,26.19,5,bersih
2023-06-10 08:44:58,6.04,24.44,6,bersih
2023-06-10 15:49:14,6.03,26.62,5,bersih
2023-06-09 00:25:31,6.12,25.19,6,bersih
2023-06-10 13:59:00,6.0,26.19,5,bersih
2023-06-09 00:33:42,6.3,25.12,6,bersih
2023-06-10 15:49:49,6.12,26.62,5,bersih
2023-06-08 23:53:13,6.0,25.37,6,bersih
2023-06-10 13:50:54,6.01,26.12,6,bersih
2023-06-11 13:16:06,7.62,25.81,5,bersih
2023-06-11 13:32:48,7.71,25.88,5,bersih
2023-06-11 12:31:32,8.62,25.56,4,bersih
2023-06-10 14:55:35,6.1,26.44,5,bersih
2023-06-10 15:23:42,6.09,26.56,5,bersih
2023-06-09 12:59:12,6.12,26.06,6,bersih
2023-06-10 06:40:02,6.0,24.37,5,bersih
2023-06-10 07:01:55,6.04,24.31,6,bersih
2023-06-10 15:19:19,6.0,26.56,5,bersih
2023-06-10 09:05:56,6.1,24.5,6,bersih
2023-06-10 15:24:00,6.06,26.56,5,bersih
2023-06-11 14:19:57,8.37,26.19,5,bersih
2023-06-10 06:10:19,6.04,24.5,5,bersih
2023-06-10 06:44:41,6.01,24.37,6,bersih
2023-06-10 15:28:17,6.07,26.56,5,bersih
2023-06-10 15:32:23,6.1,26.56,5,bersih
2023-06-10 10:06:42,6.03,24.81,6,bersih
2023-06-10 14:26:14,6.11,26.31,5,bersih
2023-06-08 23:26:39,6.74,25.56,6,bersih
2023-06-10 08:35:56,6.1,24.37,6,bersih
2023-06-11 11:38:50,8.15,25.19,4,bersih
2023-06-10 13:30:03,6.05,26.0,6,bersih
2023-06-10 15:28:46,6.07,26.56,5,bersih
2023-06-10 10:33:46,6.03,24.94,6,bersih
2023-06-10 06:22:14,6.02,24.44,6,bersih
2023-06-09 00:33:42,6.3,25.12,6,bersih
2023-06-10 05:04:07,6.01,24.69,6,bersih
2023-06-10 07:14:46,6.12,24.31,6,bersih
2023-06-10 06:30:37,6.12,24.44,6,bersih
2023-06-11 13:34:30,8.3,25.94,5,bersih
2023-06-10 14:01:00,6.08,26.19,5,bersih
2023-06-09 00:36:27,6.23,25.12,6,bersih
2023-06-10 07:19:26,6.1,24.31,6,bersih
2023-06-10 13:39:00,6.1,26.06,6,bersih
2023-06-10 13:28:37,6.03,26.0,6,bersih
2023-06-10 14:07:28,6.08,26.25,5,bersih
2023-06-10 14:32:27,6.08,26.31,5,bersih
2023-06-10 06:32:31,6.12,24.37,6,bersih
2023-06-09 13:04:27,6.51,26.06,6,bersih
2023-06-10 15:43:08,6.06,26.62,5,bersih
2023-06-10 05:44:12,6.1,24.56,5,bersih
2023-06-11 16:22:39,8.64,26.5,5,bersih
2023-06-10 08:15:10,6.1,24.31,6,bersih
2023-06-10 09:07:33,6.03,24.5,6,bersih
2023-06-10 14:47:45,6.02,26.44,5,bersih
2023-06-10 08:20:07,6.06,24.31,6,bersih
2023-06-10 14:44:16,6.03,26.37,5,bersih
2023-06-10 05:39:09,6.1,24.56,5,bersih
2023-06-10 07:18:58,6.06,24.31,6,bersih
2023-06-11 11:49:13,8.09,25.31,4,bersih
2023-06-11 16:37:42,7.4,26.56,5,bersih
2023-06-08 23:54:16,6.12,25.31,6,bersih
2023-06-11 12:22:12,7.45,25.5,4,bersih
2023-06-10 14:34:50,6.03,26.37,5,bersih
2023-06-10 05:54:36,6.0,24.5,5,bersih
2023-06-10 06:33:57,6.05,24.37,6,bersih
2023-06-10 14:18:08,6.08,26.25,5,bersih
2023-06-10 09:40:47,6.01,24.63,6,bersih
2023-06-10 10:55:01,6.0,25.06,6,bersih
2023-06-10 04:51:32,6.09,24.75,6,bersih
2023-06-10 09:49:52,6.1,24.75,6,bersih
2023-06-10 07:05:55,6.07,24.31,6,bersih
2023-06-08 23:37:42,6.26,25.44,6,bersih
2023-06-10 13:24:37,6.01,26.0,6,bersih
2023-06-11 12:55:43,8.93,25.75,4,bersih
2023-06-10 10:33:46,6.03,24.94,6,bersih
2023-06-11 13:26:09,7.67,25.88,5,bersih
2023-06-10 11:59:46,6.0,25.44,6,bersih
2023-06-10 14:09:12,6.06,26.25,5,bersih
2023-06-11 14:46:24,8.26,26.31,5,bersih
2023-06-10 08:20:24,6.1,24.31,6,bersih
2023-06-10 08:55:56,6.04,24.44,6,bersih
2023-06-08 22:08:24,6.09,25.94,6,bersih
2023-06-10 07:20:40,6.06,24.31,6,bersih
2023-06-10 10:59:56,6.0,25.12,6,bersih
2023-06-10 08:26:19,6.09,24.37,6,bersih
2023-06-11 11:55:20,7.23,25.37,4,bersih
2023-06-10 13:25:57,6.07,26.0,6,bersih
2023-06-10 10:04:36,6.01,24.81,6,bersih
2023-06-10 10:46:43,6.03,25.06,6,bersih
2023-06-10 07:50:07,6.06,24.31,6,bersih
2023-06-10 07:34:46,6.1,24.31,6,bersih
2023-06-10 14:11:22,6.05,26.25,5,bersih
2023-06-11 11:43:36,7.45,25.31,4,bersih
2023-06-11 11:37:30,6.97,25.19,4,bersih
2023-06-10 07:21:38,6.21,24.31,6,bersih
2023-06-10 14:32:56,6.06,26.37,5,bersih
2023-06-10 08:47:04,6.08,24.44,6,bersih
2023-06-10 05:30:46,6.07,24.63,6,bersih
2023-06-10 14:32:50,6.04,26.37,5,bersih
2023-06-10 14:05:28,6.08,26.19,5,bersih
2023-06-08 20:53:02,6.01,26.19,6,bersih
2023-06-10 16:15:20,6.0,26.69,5,bersih
2023-06-10 06:03:50,6.0,24.5,5,bersih
2023-06-10 08:14:59,6.07,24.37,6,bersih
2023-06-10 15:40:57,6.11,26.56,5,bersih
2023-06-10 10:11:27,6.01,24.81,6,bersih
2023-06-10 14:13:51,6.03,26.25,5,bersih
2023-06-10 08:58:30,6.11,24.44,6,bersih
2023-06-10 05:21:44,6.0,24.69,6,bersih
2023-06-11 13:21:44,8.92,25.94,5,bersih
2023-06-10 13:54:54,6.09,26.19,6,bersih
2023-06-10 13:12:42,6.11,25.94,5,bersih
2023-06-10 07:15:09,6.1,24.31,6,bersih
2023-06-11 12:15:03,7.45,25.5,4,bersih
2023-06-11 11:34:27,6.18,25.19,4,bersih
2023-06-11 16:27:30,8.51,26.56,5,bersih
2023-06-11 13:28:45,8.66,25.94,5,bersih
2023-06-10 12:58:36,6.1,25.81,5,bersih
2023-06-10 13:01:56,6.08,25.88,6,bersih
2023-06-10 06:25:39,6.11,24.44,6,bersih
2023-06-10 09:51:30,6.02,24.75,6,bersih
2023-06-10 07:04:41,6.04,24.31,6,bersih
2023-06-10 06:29:50,6.02,24.44,5,bersih
2023-06-09 00:36:16,6.24,25.12,6,bersih
2023-06-10 09:04:36,6.13,24.5,6,bersih
2023-06-10 14:25:10,6.05,26.31,5,bersih
2023-06-10 07:17:43,6.1,24.31,6,bersih
2023-06-10 08:44:36,6.0,24.44,6,bersih
